source_id,claim_id,value
4,1,13 inches
4,2,2408 x 1506
4,3,false
4,4,Apple A18 Pro
4,5,256 GB
4,6,8 GB
4,8,Display connection via USB port
4,9,Lithium-ion
4,10,false
4,11,Apple
4,12,MHFF4LL/A
4,13,13-inch MacBook Neo Apple A18 Pro chip with 6‑core CPU and 5‑core GPU - 8GB Memory - 256GB SSD
4,14,Indigo
4,15,2026
4,16,LED
4,17,Apple
4,4,Apple A18 Pro
4,18,6
4,5,256 GB
4,19,Not provided
4,20,60 megahertz
4,21,Integrated
4,22,Apple
4,23,macOS
4,24,"1 x USB-C 3.0, 1 x USB-C 2.0"
4,24,2
4,26,true
4,27,0.5 in
4,28,11.71 in
4,29,8.13 in
4,30,2.7 lb
4,31,true
4,32,true
4,32,Gold
4,33,Apple One (1) Year Limited Warranty
4,34,Apple One (1) Year Limited Warranty
4,35,195950852745
4,36,13 inches
4,37,2408 x 1506
4,38,false
4,39,Apple A18 Pro
4,40,512 GB
4,41,8 GB
4,43,Display connection via USB port
4,44,Lithium-ion
4,45,false
4,46,Apple
4,47,MHFG4LL/A
4,48,13-inch MacBook Neo Apple A18 Pro chip with 6‑core CPU and 5‑core GPU - 8GB Memory - 512GB SSD
4,49,Indigo
4,50,2026
4,51,LED
4,52,Apple
4,39,Apple A18 Pro
4,53,6
4,40,512 GB
4,54,Not provided
4,55,60 megahertz
4,56,Integrated
4,57,Apple
4,58,macOS
4,59,"1 x USB-C 3.0, 1 x USB-C 2.0"
4,59,2
4,7,Apple A18 Pro 5-core GPU
4,61,true
4,62,0.5 in
4,63,11.71 in
4,64,8.13 in
4,65,2.7 lb
4,66,true
4,67,true
4,67,Gold
4,68,Apple One (1) Year Limited Warranty
4,69,Apple One (1) Year Limited Warranty
4,70,195950853216
9,4,Apple A18 Pro
9,6,8 GB
9,5,256 GB
9,30,2.7 lb
9,102,500 nits
9,2,2408 x 1506
9,9,36.5 Wh
9,1,13 inches
9,103,16:9
9,19,Embedded DRAM
9,104,SSD
9,24,"1x USB-C 3.1/3.2 Gen 2, 1x USB-C 2.0"
9,105,"1x 1/8"" / 3.5 mm Headphone/Microphone Input/Output"
9,25,Wi-Fi 6
9,106,Bluetooth 6.0
9,26,User-Facing 1080p
9,107,Lithium-Ion
9,108,20 W with USB-C
9,109,"100 to 240 VAC, 50 / 60 Hz"
9,110,50 to 95
9,111,ENERGY STAR
9,112,11.71 x 8.12 x 0.5 inches
7,4,Apple A18 Pro 6-Core
7,6,8 GB
7,5,256 GB
7,30,2.7 lb
7,102,500 nits
7,2,2408 x 1506
7,9,36.5 Wh
7,14,Indigo
7,113,Notebook Mac
7,114,MacBook Neo
7,12,MHFF4LL/A
7,23,macOS
7,21,Apple A18 Pro Chip 5-core GPU
7,115,Shared
7,116,Dual Speakers
7,117,Dual-Mic Array with Directional Beamforming
7,25,Wi-Fi 6
7,106,Bluetooth 6.0
7,105,3.5mm Headphone x1
7,24,1 x USB 2.0 (Type-C)
7,24,1 x USB 3.2 (Gen 2 Type-C)
7,10,Magic Keyboard
7,118,Multi-Touch Trackpad
7,108,20W USB-C Power Adapter
7,119,16 hours
7,120,50° to 95° F (10° to 35° C)
7,121,-13° to 113° F (-25° to 45° C)
7,31,true
7,28,11.71 in. (297.43 mm)
7,29,8.12 in. (206.25 mm)
7,27,0.50 in. (12.70 mm)
7,112,2.10 x 12.60 x 9.00 in. (53.34 x 320.04 x 228.60 mm)
7,122,004085
7,12,MHFF4LL/A
7,35,195950852745
9,39,Apple A18 Pro
9,41,8 GB
9,40,512 GB
9,65,2.7 lb
9,123,500 nits
9,37,2408 x 1506
9,44,36.5 Wh
9,54,Embedded DRAM
9,124,SSD
9,59,"1x USB-C 3.1/3.2 Gen 2, 1x USB-C 2.0"
9,125,"1x 1/8"" / 3.5 mm Headphone/Microphone Input/Output"
9,60,Wi-Fi 6
9,126,Bluetooth 6.0
9,61,User-Facing 1080p
9,127,Lithium-Ion
9,128,20 W with USB-C
9,129,"100 to 240 VAC, 50 / 60 Hz"
9,130,"11.71 x 8.12 x 0.5"" / 297.43 x 206.25 x 12.7 mm"
9,131,50 to 95°F / 10 to 35°C up to 90% Humidity
9,132,ENERGY STAR
9,133,Recycled aluminum
9,134,16-Core Neural Engine
9,45,Built-In Chiclet-Style Keyboard
9,45,TouchPad
9,148,16 GB
7,39,Apple A18 Pro 6-Core
7,41,8 GB
7,40,512 GB
7,65,2.7 lb
7,123,500 nits
7,37,2408 x 1506
7,44,36.5 Wh
7,49,Indigo
7,58,macOS
7,56,Apple A18 Pro Chip 5-core GPU
7,61,Yes
7,135,1080p
7,136,Dual Speakers
7,137,Dual-Mic Array with Directional Beamforming
7,60,Wi-Fi 6
7,126,Bluetooth 6.0
7,59,"1 x USB 2.0 (Type-C), 1 x USB 3.2 (Gen 2 Type-C)"
7,125,3.5mm Headphone x1
7,45,Magic Keyboard
7,138,Force Touch Trackpad
7,128,20W USB-C Power Adapter
7,139,16 hours
7,140,50° to 95° F (10° to 35° C)
7,141,-13° to 113° F (-25° to 45° C)
7,66,true
7,63,11.71 in. (297.43 mm)
7,64,8.12 in. (206.25 mm)
7,62,0.50 in. (12.70 mm)
7,130,2.10 x 12.60 x 9.00 in. (53.34 x 320.04 x 228.60 mm)
7,142,004093
7,47,MHFG4LL/A
7,70,195950853216
4,143,15.3 inches
4,144,2880 x 1864
4,145,false
4,147,512 GB
4,148,16 GB
4,150,2 x Thunderbolt 4
4,151,6-cell
4,152,true
4,153,Apple
4,154,MDVH4LL/A
4,155,15-inch MacBook Air - Apple M5 chip with 10-core CPU and 10-core GPU - 16GB Memory - 512GB SSD
4,156,Midnight
4,157,2026
4,158,Apple
4,159,10
4,147,512 GB
4,160,Not provided
4,161,Integrated
4,162,Apple
4,163,macOS
4,164,2
4,165,true
4,166,0.45 in
4,167,3.3 in
4,168,9.35 in
4,169,13.4 lb
4,170,true
4,171,true
4,171,Gold
4,172,Apple One (1) Year Limited Warranty
3,250,16 GB
4,146,Apple M5 chip
4,173,Apple One (1) Year Limited Warranty
4,174,195950697087
4,175,IPS
4,176,15.6 inches
4,177,1920 x 1080
4,178,true
4,179,300 nits
4,180,Intel 13th Generation Core i7
4,181,512 GB
4,182,16 GB
4,183,Intel Iris Xe Graphics
4,184,1 x HDMI 1.4
4,185,3-cell
4,186,false
4,187,false
4,188,HP
4,189,15-fd0127dx
4,190,"15.6"" Full HD Touch-Screen Laptop - Intel Core i7 1355U 2023 - 16GB Memory - 512GB SSD"
4,191,Natural Silver
4,192,2025
4,175,LED
4,193,45 percent
4,194,Intel
4,195,5 GHz
4,196,10
4,197,L3
4,197,12 megabytes
4,181,512 GB
4,198,SSD
4,199,DDR4
4,200,3200 MHz
4,201,Integrated
4,202,Intel
4,203,Windows 11 Home
4,204,1
4,205,"1 x USB-C 3.0, 2 x USB-A 3.0"
4,205,3
4,206,true
4,207,true
4,208,"Bluetooth, Wi-Fi"
4,209,Wi-Fi 6
4,210,0
4,211,Air
4,212,45 watts
4,213,true
4,214,720p
4,207,true
4,215,false
4,216,HD Audio
4,216,Stereo
4,217,Privacy camera
4,218,0.73 in
4,219,14.17 in
4,220,9.29 in
4,221,3.52 lb
4,222,true
4,223,true
4,223,Gold
4,224,"HP Support Assistant, myHP, HP BIOS Protection, and more."
4,198,None
4,187,true
4,225,1 year
4,226,1 year
4,227,198828898210
9,146,Apple M5 chip
9,147,512 GB
9,169,3.3 lb
9,228,500 nits
9,144,2880 x 1864
9,151,66.5 Wh
9,160,Embedded DRAM
9,229,SSD
9,230,2x USB-C (Thunderbolt 4) / Supports Power Delivery
9,231,Wi-Fi 7
9,232,Bluetooth 6.0
9,165,12 MP (1080p)
9,233,Lithium-Ion Polymer (LiPo)
9,234,40 W with Magsafe
9,235,13.4 x 9.35 x 0.45 inches
9,163,macOS
9,236,Fingerprint Reader
9,237,ENERGY STAR
1,180,"Intel Core i7-1355U (up to 5.0 GHz, 12 MB L3 cache, 10 cores, 12 threads)"
1,182,16 GB
1,181,512 GB
1,221,3.86 lb
1,179,250 nits
1,177,1920 x 1080
1,189,HP 2025
1,203,Windows 11 Home
1,183,Integrated
1,175,LED
1,175,LED
1,238,60 Hz
1,213,Yes
1,187,"Full-size, backlit, numeric keypad"
1,239,"1 USB Type-C, 2 USB Type-A, 1 AC smart pin, 1 HDMI 2.1, 1 headphone/microphone combo"
1,208,"Bluetooth 5.3, Wi-Fi 6"
1,240,14.18 x 9.21 x 0.73 in
1,197,80 KB
1,197,2 MB
1,197,12 megabytes
1,199,DDR4
1,200,2666 MHz
1,241,2
1,201,SODIMM
1,186,Clamshell
1,216,Headphones
1,188,hp laptop
1,227,198828898210
4,242,IPS
4,243,15.6 inches
4,244,1920 x 1080
4,245,false
4,246,144 Hz
4,247,300 nits
4,248,AMD Ryzen 7 7000 Series
4,249,512 GB
4,250,16 GB
4,251,NVIDIA GeForce RTX 4050
4,252,1 x HDMI 2.1
4,253,4-cell
4,254,false
4,255,true
4,256,HP
4,257,15-fb3093dx/BM4X8UA#ABA
4,258,"Victus 15.6"" 144Hz Full HD Gaming Laptop - AMD Ryzen 7 7445HS 2023 - 16GB Memory - NVIDIA GeForce RTX 4050 - 512GB SSD"
4,259,Mica Silver
4,260,2025
4,242,LED
4,261,Anti-glare
4,262,62.5 percent
4,263,AMD
4,248,7445HS
4,264,4.7 GHz
4,265,6
4,266,L3
4,266,16 megabytes
4,267,false
4,249,512 GB
4,268,SSD
4,269,DDR5
4,270,5600 MHz
4,271,Dedicated
4,272,NVIDIA
4,273,6 gigabytes
4,273,GDDR6
4,274,Windows 11 Home
4,275,1
4,276,0
4,276,0
4,277,0
4,278,"2 x USB-A 3.0, 1 x USB-C 3.0"
4,278,3
4,279,true
4,280,true
4,281,"Bluetooth, Wi-Fi"
4,282,Wi-Fi 6
4,283,1
4,284,120 watts
4,285,true
4,286,720p
4,280,true
4,287,false
4,288,DTS: X Ultra
4,288,HyperX with dual speakers
4,289,Copilot
4,290,Aluminum
4,291,0.93 in
4,292,14.09 in
4,293,10.04 in
4,294,5.06 lb
4,295,true
4,296,true
4,296,Gold
4,297,"myHP, HP Support Assistant, HP BIOS Protection, HP Connection Optimizer, Microsoft Copilot, AI Noise reduction, OMEN AI, DTS: X Ultra technology, and OMEN Gaming Hub"
4,268,None
4,255,true
4,298,1 year
4,299,1 year
4,300,199251266874
3,253,6 hours
3,255,Backlit Keyboard
3,301,16:9 Aspect Ratio
3,269,DDR5
3,264,3.1 GHz
3,274,Windows 11 Home
3,245,false
3,302,Power Adapter
3,246,144 Hz
3,268,None
3,248,7445HS
3,244,1920 x 1080
3,303,Victus
3,304,Gaming
3,305,HDMI
3,306,.93 inches (H) x 14.1 inches (W) x 9.8 inches (D)
3,265,8
3,304,Backlit Display
3,249,SSD (NVMe)
3,243,15.6 inches
3,280,Built-In Microphone
3,294,5.1 lb
3,242,IPS
3,278,4
3,307,"1 Year Limited Warranty. To obtain a copy of the manufacturer's or supplier's warranty for this item prior to purchasing the item, please call Target Guest Services at 1-800-591-3869"
3,286,720p
3,251,NVIDIA GeForce RTX 4050
3,308,Not Listed or Certified
3,309,New
3,268,None
3,310,AMD Ryzen 7
3,300,199251266874
4,311,14 inches
4,312,1366 x 768
4,313,false
4,314,250 nits
4,315,Intel Processor N150
4,316,128 GB
4,317,4 GB
4,318,Intel Graphics
4,319,1 x HDMI 1.4
4,320,3-cell
4,321,false
4,322,false
4,323,HP
4,324,14-dq6015dx
4,325,"14"" Laptop - Intel Processor N150 2025 - 4GB Memory - 128GB UFS"
4,326,Pale Rose Gold
4,327,2025
4,328,LED
4,329,Anti-glare
4,330,62.5 percent
4,331,Intel
4,332,3.6 GHz
4,333,4
4,334,L3
4,334,6 megabytes
4,335,DDR4
4,336,3200 MHz
4,337,Integrated
4,338,Intel
4,339,Windows 11 Home
4,340,1
4,341,"1 x USB-C 3.1, 2 x USB-A 3.0"
4,341,3
4,342,true
4,343,true
4,344,"Bluetooth, Wi-Fi"
4,345,Wi-Fi 6
4,346,0
4,347,Air
4,348,45 watts
4,349,true
4,350,720p
4,343,true
4,315,Intel Processor N150
4,322,Multi-touch
4,351,true
4,351,MultiMediaCard (MMC)
4,352,HD Audio
4,352,Stereo
4,353,0.71 in
4,354,12.76 in
4,355,8.86 in
4,356,3.24 lb
4,357,true
4,358,true
4,358,Gold
4,359,"HP Support Assistant, myHP, HP BIOS Protection, and more."
4,360,None
4,322,false
4,361,1 year
4,362,1 year
4,363,198990291222
3,328,TN
3,320,10 hours
3,364,16:9 Aspect Ratio
3,313,false
3,360,None
3,317,4 GB
3,339,Windows 11 Home
3,365,HDMI
3,322,No Backlit Keyboard
3,366,Intel Processor
3,318,Integrated Intel Graphics
3,335,DDR4
3,341,3
3,333,4
3,332,3.6 GHz
3,343,Built-In Microphone
3,311,14 inches
3,315,Intel Processor N150
3,367,"1 Year Limited Warranty. To obtain a copy of the manufacturer's or supplier's warranty for this item prior to purchasing the item, please call Target Guest Services at 1-800-591-3869"
3,316,128 GB
3,368,Home
3,369,.71 inches (H) x 12.76 inches (W) x 8.86 inches (D)
3,370,New
3,371,Energy Star Certified
3,360,None
3,356,3.24 lb
3,312,1366 x 768
3,363,198990291222
1,315,Intel Celeron N150
1,317,16 GB
1,316,128 GB
1,356,3.24 lb
1,312,1366 x 768
1,311,14 inches
1,333,4
1,332,Up to 3.6 GHz
1,318,Intel UHD Graphics
1,335,DDR4
1,344,"Bluetooth 5.4, Wi-Fi 6"
1,372,1
1,340,1
1,341,3
1,369,12.76 x 8.86 x 0.71 inches
1,369,17.68 x 2.72 x 12.01 inches
1,373,4.25 pounds
1,349,720p HD webcam
1,352,Integrated HD audio speakers
1,343,Dual-array microphones
1,339,Windows 11 Pro
1,363,198990291222
4,374,IPS
4,375,15.6 inches
4,376,1920 x 1080
4,377,true
4,378,300 nits
4,379,AMD Ryzen AI 300 Series
4,380,512 GB
4,381,16 GB
4,382,AMD Radeon 820M
4,383,1 x HDMI 1.4
4,384,3-cell
4,385,false
4,386,HP
4,387,15-fn0105dx
4,388,"OmniBook 3 - Copilot+ PC - 15.6"" Full HD Touch-Screen Laptop - AMD Ryzen 5 AI 5 330 2025 - 16GB Memory - 512GB SSD"
4,389,Glacier Silver
4,390,2025
4,374,LED
4,391,Anti-glare
4,392,62.5 percent
4,393,AMD
4,379,330
4,394,4.5 GHz
4,395,4
4,396,L3
4,396,8 megabytes
4,397,true
4,397,50 trillions operations per second
4,380,512 GB
4,398,SSD
4,399,DDR5
4,400,5600 MHz
4,401,Integrated
4,402,AMD Radeon
4,403,Windows 11 Home
4,404,1
4,405,0
4,405,0
4,406,"2 x USB-A 3.1, 1 x USB-C 3.0"
4,406,3
4,407,true
4,408,true
4,409,"Bluetooth, Wi-Fi"
4,410,Wi-Fi 6
4,411,0
4,412,65 watts
4,413,true
4,414,1080p
4,408,true
4,415,false
4,416,HD Audio
4,416,Stereo
4,417,Copilot+ PC
4,418,"Privacy camera, Fingerprint reader"
4,419,0.73 in
4,420,14.17 in
4,421,9.29 in
4,422,3.75 lb
4,423,true
4,424,true
4,424,Gold
4,425,"Click to Do, Generative Fill, Recall, Improved Windows search, HP AI Companion, Fingerprint reader, Copilot+ PC, myHP, HP Support Assistant, HP BIOS Protection, HP Connection Optimizer, Microsoft Copilot, AI Noise reduction, OMEN Gaming Hub"
4,398,None
4,385,true
4,426,1 year
4,427,1 year
4,428,199485172644
3,384,11.5 hours
3,399,DDR5
3,429,16:9 Aspect Ratio
3,430,AMD Ryzen AI
3,403,Windows 11 Home
3,398,None
3,376,1920 x 1080
3,381,16 GB
3,422,3.75 lb
3,385,No Backlit Keyboard
3,379,AMD Ryzen AI 5 330
3,406,3
3,431,.73 inches (H) x 14.17 inches (W) x 9.29 inches (D)
3,380,SSD (NVMe)
3,408,Built-In Microphone
3,395,4
3,375,15.6 inches
3,374,IPS
3,432,"1 Year Limited Warranty. To obtain a copy of the manufacturer's or supplier's warranty for this item prior to purchasing the item, please call Target Guest Services at 1-800-591-3869"
3,433,Home
3,394,2 GHz
3,434,USB-C
3,377,true
3,435,New
3,436,Energy Star Certified
3,398,None
3,428,199485172644
1,379,AMD Ryzen 5 AI 5 330
1,381,16 GB
1,380,512 GB
1,376,1920 x 1080
1,437,15FN0505
1,382,Integrated
1,403,Windows 11 Home
1,375,15.6 inches
1,398,SSD
1,376,1920 x 1080
1,374,LED
1,438,60 Hz
1,377,true
1,409,"Wi-Fi 6, Bluetooth 5.4, HDMI, USB 3.2 Type-C, Headphone/Microphone Combo Jack"
1,439,5
1,436,TUV Rheinland (China) Ltd
1,440,TE-00327078
1,436,Global Recycled Standard
1,428,199485172644
4,441,IPS
4,442,15.3 inches
4,443,1920 x 1200
4,444,true
4,445,60 Hz
4,446,300 nits
4,447,Snapdragon X
3,382,AMD Radeon 820M
4,448,3 gigahertz
4,449,256 GB
4,450,16 GB
4,452,1 x HDMI 1.4
4,453,5306 milliampere hours
4,454,false
4,455,true
4,456,Lenovo
4,457,83N30000US
4,458,"IdeaPad Slim 3x - Copilot+ PC - 15.3"" 2k Touchscreen Laptop - Snapdragon X X1-26-100 2025 - 16GB Memory - 256GB SSD"
4,459,Luna Grey
4,460,2025
4,441,LCD
4,461,45 percent
4,462,Snapdragon
4,447,X1-26-100
4,460,2025
4,463,8
4,464,8
4,465,true
4,465,45 trillions operations per second
4,449,256 GB
4,466,LPDDR5X
4,467,8448 MHz
4,468,Integrated
4,469,Snapdragon
4,470,Windows 11 Home
4,471,1
4,472,"2 x USB-A 3.2, 1 x USB-C 3.2"
4,472,3
4,473,true
4,474,true
4,475,"Bluetooth, Wi-Fi"
4,476,Wi-Fi 7
4,476,Wi-Fi 7
4,477,0
4,478,65 watts
4,479,2
4,480,true
4,481,720p
4,474,true
4,455,No
4,482,true
4,455,"Multi-touch, Precision"
4,483,true
4,483,Secure Digital
4,484,false
4,485,Dolby Audio
4,485,2 x 2W
4,486,"Android apps, Google Assistant"
4,487,Copilot+ PC
4,488,"Fingerprint reader, Privacy camera"
4,488,None
4,489,"Aluminum, PC-ABS"
4,490,0.7 in
4,491,9.51 in
4,492,13.52 in
4,493,3.42 lb
4,494,true
4,495,true
4,495,Gold
4,496,None
4,455,true
4,455,false
4,497,1 year
4,498,1 year
4,499,198156688347
3,453,10 hours
3,455,Backlit Keyboard
3,470,Windows 11 Home
3,500,16:10 Aspect Ratio
3,449,SSD (NVMe)
3,501,3 GHz
3,496,None
3,447,Qualcomm Snapdragon X
3,502,Qualcomm Snapdragon
3,450,16 GB
3,442,15.3 inches
3,463,8
3,466,LPDDR5x
3,472,3
3,474,Built-In Microphone
3,503,.7 inches (H) x 13.52 inches (W) x 9.51 inches (D)
3,441,IPS
3,504,"1 Year Limited Warranty. To obtain a copy of the manufacturer's or supplier's warranty for this item prior to purchasing the item, please call Target Guest Services at 1-800-591-3869"
3,505,Home
3,506,USB-C
3,493,3.42 lb
3,443,1920 x 1200
3,507,New
3,508,Energy Star Certified
3,444,true
3,496,None
3,499,198156688347
4,575,WVA
4,576,15.6 inches
4,577,1920 x 1080
4,578,true
4,579,60 Hz
4,580,220 nits
4,581,AMD Ryzen 7 7000 Series
4,582,2 gigahertz
4,584,16 GB
4,586,1 x HDMI 1.4
4,587,41 milliampere hours
4,588,false
4,589,false
4,590,Dell
4,591,LDC15255-7322BLK-PUS
4,592,"15.6"" FHD  Laptop - AMD Ryzen 7 7730U 2023 - 16GB Memory - 1TB Storage"
4,593,Carbon Black
4,594,2025
4,575,LCD
4,589,Passive
4,595,Not Applicable
4,596,Anti-glare
4,597,45 percent
4,598,AMD
4,594,2023
4,599,4.5 GHz
4,600,8
4,601,16
4,602,"L1, L2, L3"
4,602,0 megabytes
4,602,4 megabytes
4,602,16 megabytes
4,603,false
4,604,SSD
4,605,DDR4
4,606,3200 MHz
4,607,1
4,607,1
4,608,16 gigabytes
4,609,Integrated
4,610,AMD Radeon
4,611,Windows 11 Home
4,612,64-bit
4,613,1
4,614,"1 x USB-A 2.0, 1 x USB-A 3.2, 1 x USB-C 3.2"
4,614,3
4,615,true
4,616,false
4,617,"Bluetooth, Wi-Fi"
4,618,Wi-Fi 5
4,618,Wi-Fi 5
4,619,0
4,617,None
4,620,Air
4,621,DC jack (4.5mm)
4,622,65 watts
4,623,2
4,624,true
4,625,0.92 megapixels
4,626,720p
4,616,true
4,589,No
4,578,false
4,627,false
4,628,true
4,628,Secure Digital
4,629,MaxxAudio Pro (Windows)
4,629,Stereo Speakers (Windows)
4,581,AMD Ryzen 7 7730U
4,583,1024 GB
4,630,Copilot
4,631,None
4,589,None
4,632,0.75 in
4,633,9.27 in
4,634,14.11 in
4,635,4.19 lb
4,636,true
4,637,true
4,637,Silver
4,638,"McAfee+ Premium 30-day trial, Microsoft 365 30-day trial"
4,604,None
4,589,true
4,589,false
4,639,1 Year Mail In Service
4,640,1 Year Mail In Service
4,641,884116430322
13,656,AMD Ryzen 7
13,657,16 GB
13,658,Notebook
13,659,Windows 11
13,660,8
13,661,11.8 kWh
13,661,8 kWh
13,661,8.3 kWh
13,661,0.4 watts
13,661,0.2 watts
13,661,5.4 watts
13,661,0.4 watts
13,662,No
13,663,false
13,664,true
13,665,02/17/2023
13,666,06/04/2025
13,667,"United States, Switzerland, Taiwan, Japan, Canada"
13,668,4429417
13,669,"884116426813, 884116427131, 884116427230, 884116427711, 884116427766, 884116428053, 884116428411, 884116429616, 884116430117, 884116430261, 884116430322, 884116430391, 884116430407, 884116430735, 884116430766, 884116430773, 884116430780, 884116430834, 884116649656"
13,670,DC15255; Inspiron 15 3535
3,2094,16 GB
4,901,15.6 inches
4,902,1366 x 768
4,903,false
4,904,250 nits
4,905,Intel Processor N200
4,906,1.1 gigahertz
4,907,64 GB
4,908,8 GB
4,909,Intel UHD Graphics
4,910,No external display connection
4,911,2-cell
4,912,false
4,913,false
4,914,HP
4,915,15a-nb0013dx/7J267UA#ABA
4,916,"15.6"" Chromebook Laptop - Intel Processor N200 2023 - 8GB Memory - 64GB eMMC"
4,917,Natural Silver
4,918,2023
4,919,LED
4,920,45 percent
4,921,Intel
4,905,N200
4,922,3.7 GHz
4,923,4
4,924,false
4,925,L3
4,925,6 megabytes
4,926,false
4,907,64 GB
4,927,LPDDR5
4,928,4800 MHz
4,929,2
4,930,Integrated
4,931,Intel
4,932,ChromeOS
4,933,Google Assistant
4,934,Google Home
4,935,0
4,936,0
4,936,0
4,937,0
4,938,"1 x USB-A 3.1, 2 x USB-C 3.1"
4,938,3
4,939,true
4,940,true
4,941,"Bluetooth, Wi-Fi"
4,942,Wi-Fi 6
4,943,0
4,941,None
4,944,45 watts
4,945,true
4,946,720p
4,940,true
4,947,false
4,948,true
4,949,HD Audio with stereo speakers
4,950,Google Assistant
4,951,Privacy camera
4,952,0.78 in
4,953,14.28 in
4,954,9.51 in
4,955,3.81 lb
4,956,true
4,957,true
4,957,Gold
4,958,None
4,913,true
4,959,1 year
4,960,1 year
4,961,197192458518
1,905,Intel Processor N200
1,908,8 GB
1,907,64 GB
1,955,5.1 lb
1,904,250 nits
1,902,1366 x 768
1,911,10.5 hours
1,901,15.6 inches
1,932,ChromeOS
1,927,LPDDR5
1,928,4800 MHz
1,909,Intel UHD Graphics
1,941,"Bluetooth, Wi-Fi6"
1,962,"1 x HDMI 2.1, 1 x USB-A 3.1, 2 x USB-C 3.1, 1 x Headphone/Microphone Combo, 1x MicroSD Media Card Reader"
1,963,"14.28"" x 9.51"" x 0.78"""
1,961,197192458518
1,915,15a-nb0013dx
3,919,TN
3,911,10 hours
3,965,16:9 Aspect Ratio
3,955,3.81 lb
3,903,false
3,909,Intel UHD Graphics
3,922,1.1 GHz
3,958,None
3,927,LPDDR5
3,932,ChromeOS
3,907,EMMC
3,913,No Backlit Keyboard
3,966,Intel Processor
3,905,Intel Processor N200
3,938,3
3,923,4
3,901,15.6 inches
3,940,Built-In Microphone
3,963,.78 inches (H) x 14.28 inches (W) x 9.51 inches (D)
3,967,"1 Year Limited Warranty. To obtain a copy of the manufacturer's or supplier's warranty for this item prior to purchasing the item, please call Target Guest Services at 1-800-591-3869"
3,908,8 GB
3,968,Home
3,969,USB-C
3,970,New
3,971,Energy Star Certified
3,958,None
3,902,1366 x 768
3,961,197192458518
4,1012,14.5 inches
4,1013,2944 x 1840
4,1014,true
4,1015,90 Hz
4,1016,1000 nits
4,1017,Snapdragon X Elite
4,1018,512 GB
4,1019,16 GB
4,1021,Display connection via USB port
4,1022,Lithium-ion
4,1023,false
4,1024,true
4,1025,Lenovo
4,1026,83ED0001US
4,1027,"Yoga Slim 7x - Copilot+ PC - 14.5"" 3K 90Hz OLED Touch-Screen Laptop - Snapdragon X Elite X1E-78-100 2024 - 16GB - 512GB"
4,1028,Cosmic Blue
4,1029,2024
4,1030,OLED
4,1031,100 percent
4,1032,Snapdragon
4,1017,X1E-78-100
4,1029,2024
4,1033,12
4,1034,true
4,1034,45 trillions operations per second
4,1018,512 GB
4,1035,LPDDR5X
4,1036,Integrated
4,1037,Snapdragon
4,1038,Windows 11 Home
4,1039,Google Home
4,1040,0
4,1041,0
4,1041,0
4,1042,0
4,1043,DisplayPort 1.4
4,1044,3 x USB-C
4,1044,3
4,1045,false
4,1046,false
4,1048,Wi-Fi 7
4,1049,0
4,1047,None
4,1050,true
4,1046,true
4,1024,No
4,1051,true
4,1024,"Multi-touch, Precision"
4,1052,false
4,1053,false
4,1054,Dolby Atmos Audio
4,1054,"4 stereo speakers, 2W x2 (woofers), 2W x2 (tweeters), optimized with Dolby Atmos, Smart Amplifier (AMP)"
4,1055,Copilot+ PC
4,1056,Privacy camera
4,1057,Aluminum
4,1058,0.59 in
4,1059,8.87 in
4,1060,12.8 in
4,1061,2.81 lb
4,1062,true
4,1063,true
4,1063,Gold
4,1064,McAfee Live Safe (trial); Microsoft 365 (trial)
4,1065,None
4,1024,false
4,1066,1 year
4,1067,1 year
4,1068,198153128372
4,1069,15.6 inches
4,1070,1920 x 1080
4,1071,false
4,1072,220 nits
4,1073,AMD Ryzen 5 7000 Series
4,1074,2.8 gigahertz
4,1075,256 GB
4,1076,8 GB
4,1077,AMD Radeon 610M
4,1078,1 x HDMI 1.4
4,1079,3-cell
4,1080,false
4,1081,false
4,1082,Lenovo
4,1083,82VG00WXUS
4,1084,"IdeaPad 1 15.6"" Full HD Laptop - AMD Ryzen 5 7520U 2022 - 8GB Memory- 256GB SSD"
4,1085,Abyss Blue
4,1086,2025
4,1087,LCD
4,1088,Anti-glare
4,1089,AMD
4,1073,7520U
4,1086,2022
4,1090,4.3 GHz
4,1091,4
4,1092,8
4,1093,false
4,1094,"L2, L3"
4,1094,2 megabytes
4,1094,4 megabytes
4,1095,false
4,1075,256 GB
4,1096,LPDDR5
4,1097,5500 MHz
4,1098,0
4,1099,Integrated
4,1100,AMD Radeon
4,1101,Windows 11 Home
4,1102,1
4,1103,0
4,1103,0
4,1104,0
4,1105,"1 x USB-A 2.0, 1 x USB-A 3.2, 1 x USB-C 3.2"
4,1105,3
4,1106,true
4,1107,true
4,1108,"Bluetooth, Wi-Fi"
4,1109,Wi-Fi 6
4,1109,Wi-Fi 6
4,1110,0
4,1111,65 watts
4,1112,true
4,1113,720p
4,1107,true
4,1114,true
4,1114,"Secure Digital, MultiMediaCard (MMC)"
4,1115,false
4,1116,Dolby Audio
4,1116,2 x 1.5W
4,1117,Copilot
4,1118,Privacy camera
4,1119,PC ABS
4,1120,0.7 in
4,1121,9.29 in
4,1122,14.18 in
4,1123,3.47 lb
4,1124,true
4,1125,false
4,1126,"Microsoft Office 365 (30 Day Trial), McAfee LiveSafe (30 Day Trial)"
4,1127,None
4,1081,true
4,1081,false
4,1128,1 year
4,1129,1 year
4,1130,199271336601
8,1017,Qualcomm Snapdragon X Elite
8,1019,16 GB
8,1018,512 GB
8,1061,2.816 lb
8,1016,1000 nits
8,1013,2944 x 1840
8,1022,22.1 hours
8,1030,OLED
8,1012,14.5 inches
8,1015,90 Hz
8,1031,100 percent
8,1033,12
8,1035,LPDDR5X
8,1036,Integrated
8,1037,Qualcomm
8,1131,Lithium-ion
8,1038,Windows 11 Home
8,1044,3 x USB-C
8,1048,Wi-Fi 7
8,1050,Yes
8,1046,Yes
8,1024,Yes
8,1054,Dolby Atmos Audio
8,1050,Yes
8,1132,0.51 inches
8,1133,12.8 inches
8,1134,8.87 inches
8,1068,198153128372
8,1062,true
8,1063,Yes
8,1063,Gold
3,1087,TN
3,1079,9 hours
3,1135,16:9 Aspect Ratio
3,1101,Windows 11 Home
3,1071,false
3,1075,SSD (NVMe)
3,1127,None
3,1096,LPDDR5
3,1136,.7 inches (H) x 14.18 inches (W) x 9.29 inches (D)
3,1070,1920 x 1080
3,1123,3.47 lb
3,1090,2.8 GHz
3,1137,HDMI
3,1081,No Backlit Keyboard
3,1105,3
3,1091,4
3,1069,15.6 inches
3,1107,Built-In Microphone
3,1138,"1 Year Limited Warranty. To obtain a copy of the manufacturer's or supplier's warranty for this item prior to purchasing the item, please call Target Guest Services at 1-800-591-3869"
3,1076,8 GB
3,1139,Home
3,1073,AMD Ryzen 5 7520U
3,1140,AMD Ryzen 5
3,1141,New
3,1142,Energy Star Certified
3,1127,None
3,1130,199271336601
4,1143,IPS
4,1144,14 inches
4,1145,1920 x 1080
4,1146,true
4,1147,60Hz
4,1148,300 nits
4,1149,MediaTek Kompanio 500 Series
4,1150,2.05 gigahertz
4,1151,64 GB
4,1152,4 GB
4,1154,Display connection via USB port
4,1155,3-cell
4,1156,false
4,1157,false
4,1158,Lenovo
4,1159,82XJ0000US
4,1160,"IdeaPad Slim 3 Chromebook Laptop - 14"" Full HD Touchscreen Laptop - MediaTek Kompanio 520 2022 - 4GB Memory - 64GB eMMC"
4,1161,Abyss Blue
4,1162,2023
4,1143,LCD
4,1163,100 percent
3,1077,AMD Radeon 610M
4,1153,ARM Mali-G52 2EE MC2
4,1164,MediaTek
4,1149,520
4,1162,2022
4,1165,3.7 GHz
4,1166,8
4,1167,false
4,1151,64 GB
4,1168,LPDDR4X
4,1169,3733 MHz
4,1170,0
4,1170,0
4,1171,Integrated
4,1172,ARM
4,1173,ChromeOS
4,1174,64-bit
4,1175,No
4,1176,"Amazon Alexa, Google Home"
4,1177,0
4,1178,0
4,1178,0
4,1179,0
4,1180,DisplayPort 1.1
4,1181,"1 x USB-A 3.2, 1 x USB-C 3.2"
4,1181,2
4,1182,0
4,1183,1
4,1184,true
4,1185,true
4,1187,Wi-Fi 6
4,1187,Wi-Fi 6
4,1188,0
4,1186,None
4,1189,Air
4,1190,USB-C
4,1191,45 watts
4,1192,true
4,1193,720p
4,1185,true
4,1146,false
4,1194,false
4,1157,Multi-touch
4,1195,true
4,1195,microSD
4,1196,false
4,1197,Stereo speakers optimized with Waves MaxxAudio
4,1197,2 x 2W
4,1198,Google Assistant
4,1199,Not Applicable
4,1200,Privacy camera
4,1200,Kensington Security Slot (K-Slot)
4,1157,None
4,1201,Plastic
4,1202,0.73 in
4,1203,8.7 in
4,1204,13.23 in
4,1205,2.86 lb
4,1206,true
4,1207,true
4,1207,Silver
4,1208,None
4,1157,false
4,1157,false
4,1209,1 year limited
4,1210,1 year limited
4,1211,196803504613
4,1212,IPS
4,1213,10.95 inches
4,1214,1920 x 1200
4,1215,true
4,1216,60 Hz
4,1217,400 nits
4,1218,MediaTek Kompanio 800 Series
4,1219,128 GB
4,1220,4 GB
4,1222,Display connection via USB port
4,1223,3767 milliampere hours
4,1224,2in1_design
4,1225,false
4,1226,Lenovo
4,1227,83HH0002US
4,1228,"Duet 2-in-1 Chromebook 11"" 2K LCD Touchscreen Laptop- MediaTek Kompanio 838 2024 - 4GB Memory - 128GB eMMC with keyboard"
4,1229,Luna Gray
4,1230,2024
4,1212,LCD
4,1231,72 percent
4,1232,MediaTek
4,1218,838
4,1230,2024
4,1233,8
4,1234,true
4,1234,4 trillions operations per second
4,1219,128 GB
4,1235,LPDDR4X
4,1236,3733 MHz
4,1237,0
4,1238,Integrated
4,1239,MediaTek
4,1240,ChromeOS
4,1241,Google Home
4,1242,0
4,1243,0
4,1243,0
4,1244,0
4,1245,DisplayPort 1.4
4,1246,2 x USB-C 3.2
4,1246,2
4,1247,true
4,1248,true
4,1250,Wi-Fi 6
4,1250,Wi-Fi 6
4,1251,0
4,1249,None
4,1252,USB-C
4,1253,30 watts
4,1254,true
4,1255,5 megapixels
4,1248,true
4,1225,No
4,1256,true
4,1225,Multi-touch
4,1257,false
4,1258,false
4,1259,Waves MaxxAudio
4,1259,2 x 1W
4,1260,"Android apps, Google Assistant"
4,1221,ARM Mali-G52 2EE MC2
4,1261,Not Applicable
4,1262,Privacy camera
4,1262,None
4,1225,None
4,1263,Aluminum
4,1264,0.3 in
4,1265,6.57 in
4,1266,10.57 in
4,1267,1.12 lb
4,1268,true
4,1269,true
4,1269,Gold
4,1270,None
4,1225,false
4,1225,false
4,1271,1 year
4,1272,1 year
4,1273,198153907472
13,1149,MT8186
13,1152,8 GB
13,1274,Notebook
13,1173,ChromeOS
13,1166,8
13,1164,Other
13,1275,9.4
13,1275,8
13,1275,6.4
13,1275,1.4
13,1275,0.2
13,1275,3.2
13,1275,0.5
13,1188,No
13,1146,false
13,1206,true
13,1276,02/15/2023
13,1277,05/29/2025
13,1278,"United States, Switzerland, Taiwan, Japan, Canada"
13,1279,4429388
13,1211,196803504613
3,1155,13.5 hours
3,1280,16:9 Aspect Ratio
3,1208,None
3,1281,.73 inches (H) x 8.73 inches (W) x 12.83 inches (D)
3,1165,2.05 GHz
3,1152,4 GB
3,1145,1920 x 1080
3,1173,ChromeOS
3,1282,MediaTek
3,1151,EMMC
3,1157,No Backlit Keyboard
3,1181,2
3,1166,8
3,1144,14 inches
3,1185,Built-In Microphone
3,1143,IPS
3,1149,MediaTek Kompanio 520
3,1283,"1 Year Limited Warranty. To obtain a copy of the manufacturer's or supplier's warranty for this item prior to purchasing the item, please call Target Guest Services at 1-800-591-3869"
3,1168,LPDDR4x
3,1278,Home
3,1284,USB-C
3,1146,true
3,1285,New
3,1286,Energy Star Certified
3,1205,2.87 lb
3,1208,None
3,1211,196803504613
1,1218,MediaTek Kompanio 838
1,1220,4 GB
1,1219,128 GB
1,1267,2.4 lb
1,1214,1920 x 1200
1,1223,13.8 Wh
1,1287,"10.57""L x 6.57""W x 0.3""Th"
1,1240,ChromeOS
1,1288,4K UHD 2160p
1,1249,"Bluetooth, Wi-Fi"
1,1246,2
1,1289,"3.5mm Audio, USB Type C"
1,1290,3.7 GHz
1,1221,Integrated
1,1229,Luna Gray
1,1227,83HH0002US
1,1273,198153907472
8,1218,MediaTek Kompanio 838
8,1220,4 GB
8,1219,128 GB
8,1267,1.12 lb
8,1217,400 nits
8,1214,1920 x 1200
8,1223,13.9 watt-hours
8,1212,LCD
8,1213,10.95 inches
8,1216,60 Hz
8,1238,Integrated
8,1239,MediaTek
8,1240,ChromeOS
8,1246,2 x USB-C 3.2
8,1291,Lithium-polymer
8,1254,5 megapixels
8,1292,0.3 inches
8,1293,6.57 inches
8,1294,10.57 inches
8,1295,2-cell
8,1253,30 watts
8,1234,Yes
8,1234,4 trillions operations per second
8,1268,true
8,1269,Yes
8,1269,Gold
8,1273,198153907472
4,1296,15.6 inches
4,1297,1920 x 1080
4,663,true
4,656,AMD Ryzen 7 7000 Series
4,1298,1024 GB
4,657,16 GB
4,1300,1 x HDMI 1.4
4,1301,Lithium-ion
4,1302,false
4,1303,Dell
4,670,884116426813
4,1304,"Dell Inspiron 15.6"" Anti-Glare Touchscreen Laptop,AMD Ryzen 7 7730U,16GB DDR4,1TB SSD,Win 11 Pro,1TB Dock Set,Black"
4,1305,Black
4,1306,2025
4,1307,AMD
4,660,8
4,1298,1024 GB
4,1299,AMD Radeon Graphics
4,656,AMD Ryzen 7 7730U
3,1153,ARM Mali-G52 2EE MC2
4,1308,DDR4
4,1309,Integrated
4,1310,AMD Radeon
4,659,Windows 11 Pro
4,1311,1
4,1312,true
4,1313,0.75 in
4,1314,9.27 in
4,1315,14.11 in
4,1316,3.59 lb
4,664,true
4,1317,1 year
4,1318,1 year
4,669,884116742180
4,1521,16 inches
4,1522,1920 x 1200
4,1523,false
4,1524,60 Hz
4,1525,Intel Core 5 Series 1
4,1526,512 GB
4,1527,32 GB
4,1528,Intel Graphics
4,1529,1 x HDMI
4,1530,Lithium-ion
4,1531,true
4,1532,Dell
4,1533,"Pro 16 16"" FHD+ Laptop - Intel Core 5 120U, 32GB RAM - 512GB SSD - Copilot & Backlit Keyboard - PCO Laptop Cooler"
4,1534,Silver
4,1535,2025
4,1536,Intel
4,1525,120U
4,1526,512 GB
4,1537,DDR5
4,1538,5600 MHz
4,1539,2
4,1540,Integrated
4,1541,Intel
4,1542,Windows 11 Pro
4,1543,1
4,1544,0
4,1545,0
4,1546,2 x USB-A
4,1546,4
4,1547,true
4,1548,true
4,1549,Wi-Fi
4,1550,Wi-Fi 6
4,1550,Wi-Fi 6
4,1551,1
4,1552,true
4,1553,12.5 in
4,1554,2.7 in
4,1555,21.5 in
4,1556,6.8 lb
4,1557,false
4,1558,1-year
4,1559,1 year
4,1560,810215808519
3,1531,Backlit Keyboard
3,1537,DDR5
3,1561,5 GHz
3,1523,false
3,1562,16:10 Aspect Ratio
3,1542,Windows 11 Pro
3,1521,16 inches
3,1563,Intel Core 5
3,1564,Variable RPM
3,1528,Intel Graphics
3,1526,SSD (NVMe)
3,1548,Built-In Microphone
3,1565,12
3,1566,12.5 inches (H) x 2.7 inches (W) x 21.5 inches (D)
3,1546,4
3,1530,20 hours
3,1567,"1 Year Limited Warranty. To obtain a copy of the manufacturer's or supplier's warranty for this item prior to purchasing the item, please call Target Guest Services at 1-800-591-3869"
3,1527,32 GB
3,1568,USB-C
3,1569,Business
3,1570,Not Listed or Certified
3,1522,1920 x 1200
3,1571,New
3,1556,6.8 lb
3,1525,Intel Core 5 120U
3,1564,None
3,1560,810215808519
13,657,16 GB
13,661,11.8 kWh
13,661,8 kWh
13,661,8.3 kWh
13,661,0.4 watts
13,661,0.2 watts
13,661,5.4 watts
13,661,0.4 watts
4,1752,WVA
4,1753,15.6 inches
4,1754,1920 x 1080
4,1755,true
4,1756,60 Hz
4,1757,220 nits
4,1758,Intel 13th Generation Core i5
4,1759,1.3 gigahertz
4,1760,512 GB
4,1761,8 GB
4,1762,Intel UHD Graphics
4,1763,1 x HDMI 1.4
4,1764,41 milliampere hours
4,1765,false
4,1766,false
4,1767,Dell
4,1768,LDC15250-5315BLK-PUS
4,1769,"15.6"" 2K Touchscreen Laptop - Intel Core i5 1334U 2023 - 8GB Memory - 512 GB Storage"
4,1770,Carbon Black
4,1771,2025
4,1752,LCD
4,1766,Passive
4,1772,Not Applicable
4,1773,Anti-glare
4,1774,45 percent
4,1775,Intel
4,1771,2023
4,1776,3.4 GHz
4,1777,10
4,1778,12
4,1779,L1
4,1779,12 megabytes
4,1780,false
4,1760,512 GB
4,1781,SSD
4,1782,DDR4
4,1783,2666 MHz
4,1784,2
4,1784,1
4,1785,16 gigabytes
4,1786,Integrated
4,1787,Intel
4,1788,Windows 11 Home
4,1789,64-bit
4,1790,1
4,1791,"1 x USB-A 2.0, 1 x USB-A 3.2, 1 x USB-C 3.2"
4,1791,3
4,1792,true
4,1793,false
4,1794,"Bluetooth, Wi-Fi"
4,1795,Wi-Fi 6
4,1795,Wi-Fi 6
4,1796,0
4,1794,None
4,1797,Air
4,1798,DC jack (4.5mm)
4,1799,65 watts
4,1800,true
4,1801,0.92 megapixels
4,1802,720p
4,1793,true
4,1766,No
4,1755,false
4,1803,false
4,1766,Precision
4,1804,true
4,1804,Secure Digital
4,1805,MaxxAudio Pro (Windows)
4,1805,Stereo Speakers (Windows)
4,1806,Copilot
4,1807,None
4,1808,0.69 in
4,1809,9.25 in
4,1810,14.11 in
4,1811,4.28 lb
4,1812,true
4,1813,true
4,1813,Silver
4,1814,"McAfee+ Premium 30-day trial, Microsoft 365 30-day trial"
4,1781,None
4,1766,true
4,1766,false
4,1815,1 Year Mail In Service
4,1816,1 Year Mail In Service
4,1817,884116430315
3,1764,7 hours
3,1818,16:9 Aspect Ratio
3,1762,Intel UHD Graphics
3,1781,None
3,1819,Intel Core i5
3,1811,4.28 lb
3,1754,1920 x 1080
3,1788,Windows 11 Home
3,1820,HDMI
3,1766,No Backlit Keyboard
3,1782,DDR4
3,1791,3
3,1760,SSD (NVMe)
3,1753,15.6 inches
3,1793,Built-In Microphone
3,1821,.69 inches (H) x 14.11 inches (W) x 9.25 inches (D)
3,1777,10
3,1752,IPS
3,1822,"1 Year Limited Warranty. To obtain a copy of the manufacturer's or supplier's warranty for this item prior to purchasing the item, please call Target Guest Services at 1-800-591-3869"
3,1776,1.3 GHz
3,1761,8 GB
3,1823,Home
3,1755,true
3,1824,New
3,1825,Energy Star Certified
3,1781,None
3,1758,Intel Core i5-1334U
3,1817,884116430315
4,1865,IPS
4,1866,14 inches
4,1867,1920 x 1080
4,1868,true
4,1869,300 nits
4,1870,Intel Core i3
4,1871,256 GB
4,1872,8 GB
4,1873,Intel UHD Graphics
4,1874,"Display connection via USB port, Display connection via USB port"
4,1875,2-cell
4,1876,2in1_design
4,1877,true
4,1878,HP
4,1879,14b-cd0023dx/A4HB3UA#ABA
4,1880,"14"" 2-in-1 Full HD Touch-Screen Chromebook Plus Laptop with Google AI - Intel Core i3 N305 2023 - 8GB Memory - 256GB UFS"
4,1881,Meteor Silver
4,1882,2024
4,1865,LED
4,1883,62.5 percent
4,1884,Intel
4,1870,N305
4,1885,3.8 GHz
4,1886,8
4,1887,false
4,1888,L3
4,1888,6 megabytes
4,1889,false
4,1890,LPDDR5
4,1891,4800 MHz
4,1892,Integrated
4,1893,Intel
4,1894,ChromeOS
4,1895,Other
4,1896,0
4,1896,0
4,1897,0
4,1898,DisplayPort 1.4
4,1899,"2 x USB-C 3.0, 1 x USB-A 3.0"
4,1899,3
4,1900,true
4,1901,true
4,1902,"Bluetooth, Wi-Fi"
4,1903,Wi-Fi 6E
4,1904,0
4,1902,None
4,1905,45 watts
4,1906,true
4,1907,1080p
4,1901,true
4,1908,false
4,1909,false
4,1910,HD Audio with stereo speakers
4,1911,Not Applicable
4,1912,Privacy camera
4,1913,0.81 in
4,1914,12.72 in
4,1915,8.28 in
4,1916,3.03 lb
4,1917,true
4,1918,true
4,1918,Gold
4,1919,None
4,1877,false
4,1920,1 year
4,1921,1 year
4,1922,198415330239
4,1997,17.3 inches
4,1998,1920 x 1080
4,1999,true
4,2000,60 Hz
4,2001,Intel Core Ultra 7 Series 2
4,2002,1024 GB
4,2003,32 GB
4,2005,1 x HDMI
4,2006,Lithium-ion
4,2007,true
4,2008,HP
4,2009,198701277811
4,2010,"OmniBook 7 17.3"" FHD Touchscreen Laptop - Intel Core Ultra 7 258V - 32GB RAM - 1TB SSD - Backlit KB - PCO Laptop cooler"
4,2011,Silver
4,2012,2025
4,2013,Intel
4,2001,258V
4,2002,1024 GB
4,2014,Not provided
4,2015,3200 MHz
4,2016,0
4,2017,Integrated
4,2018,Intel
4,2019,Windows 11 Home
4,2020,1
4,2021,0
4,2022,0
4,2023,3 x USB-A
4,2023,5
4,2024,true
4,2025,true
4,2026,Wi-Fi
4,2027,Wi-Fi 7
4,2027,Wi-Fi 7
4,2028,0
4,2029,true
4,2030,12.5 in
4,2031,3 in
4,2032,18.3 in
4,2033,7.9 lb
4,2034,false
4,2035,1-year
4,2036,1 year
4,2037,810215804047
3,2033,7.9 lb
3,2007,Backlit Keyboard
3,2038,16:9 Aspect Ratio
3,2019,Windows 11 Home
3,2014,LPDDR4
3,2006,20 hours
3,1998,1920 x 1080
3,2039,Variable RPM
3,2040,12.5 inches (H) x 3 inches (W) x 18.3 inches (D)
3,2041,8
3,2042,4.5 GHz
3,2043,Intel Core Ultra 7
3,2025,Built-In Microphone
3,2023,5
3,2001,Intel Core Ultra 7 258V
3,2044,"1 Year Limited Warranty. To obtain a copy of the manufacturer's or supplier's warranty for this item prior to purchasing the item, please call Target Guest Services at 1-800-591-3869"
3,2003,32 GB
3,2045,Home
3,2046,USB-C
3,2047,Not Listed or Certified
3,1999,true
3,2048,New
3,2002,SSD (NVMe)
3,1997,17.3 inches
3,2039,None
3,2037,810215804047
3,2004,Intel Arc Graphics 140V
4,2088,17.3 inches
4,2089,1600 x 900
4,2090,true
4,2091,60 Hz
4,2092,Intel Core Ultra 5 Series 2
4,2093,1024 GB
4,2094,16 GB
4,2095,Intel Graphics
4,2096,1 x HDMI
4,2097,Lithium-ion
4,2098,true
4,2099,HP
4,2100,17t-pc500h
4,2101,"17.3"" Touchscreen Laptop - Intel Core Ultra 5 225U - 16GB RAM - 1TB SSD - FP Reader & Backlit KB- PCO Laptop cooler"
4,2102,Silver
4,2103,2025
4,2104,Intel
4,2092,225U
4,2093,1024 GB
4,2105,DDR5
4,2106,5600 MHz
4,2107,2
4,2108,Integrated
4,2109,Intel
4,2110,Windows 11 Home
4,2111,1
4,2112,0
4,2113,0
4,2114,2 x USB-A
4,2114,3
4,2115,true
4,2116,true
4,2117,Wi-Fi
4,2118,Wi-Fi 6
4,2118,Wi-Fi 6
4,2119,0
4,2120,true
4,2121,12 in
4,2122,2.7 in
4,2123,17.5 in
4,2124,5 lb
4,2125,false
4,2126,1-year
4,2127,1 year
4,2128,810215805037
3,2089,1600 x 900
3,2098,Backlit Keyboard
3,2129,16:9 Aspect Ratio
3,2105,DDR5
3,2110,Windows 11 Home
3,2097,20 hours
3,2124,5 lb
3,2130,Variable RPM
3,2092,Intel Core Ultra 5 225U
3,2095,Intel Graphics
3,2114,3
3,2116,Built-In Microphone
3,2131,12
3,2132,"1 Year Limited Warranty. To obtain a copy of the manufacturer's or supplier's warranty for this item prior to purchasing the item, please call Target Guest Services at 1-800-591-3869"
3,2133,4.8 GHz
3,2134,Home
3,2135,USB-C
3,2136,Not Listed or Certified
3,2137,12 inches (H) x 2.7 inches (W) x 17.5 inches (D)
3,2090,true
3,2138,New
3,2093,SSD (NVMe)
3,2088,17.3 inches
3,2130,None
3,2139,Intel Core Ultra 5
3,2128,810215805037
4,2140,17.3 inches
4,2141,1600 x 900
4,2142,true
4,2143,60 Hz
4,2144,Intel Core Ultra 7 Series 2
4,2145,4096 GB
4,2146,64 GB
4,2147,Intel Graphics
4,2148,1 x HDMI
4,2149,Lithium-ion
4,2150,true
4,2151,HP
4,2152,"17.3"" HD+ Touchscreen Laptop - Intel Core Ultra 7 255U - 64GB RAM - 4TB SSD - FP Reader & Copilot - PCO Laptop cooler"
4,2153,Silver
4,2154,2025
4,2155,Intel
4,2144,255U
4,2145,4096 GB
4,2156,DDR5
4,2157,5600 MHz
4,2158,2
4,2159,Integrated
4,2160,Intel
4,2161,Windows 11 Home
4,2162,1
4,2163,0
4,2164,0
4,2165,2 x USB-A
4,2165,3
4,2166,true
4,2167,true
4,2168,Wi-Fi
4,2169,Wi-Fi 6
4,2169,Wi-Fi 6
4,2170,0
4,2171,true
4,2172,13.5 in
4,2173,2.6 in
4,2174,20.5 in
4,2175,6.5 lb
4,2176,false
4,2177,1-year
4,2178,1 year
4,2179,810215802661
3,2141,1600 x 900
3,2150,Backlit Keyboard
3,2180,16:9 Aspect Ratio
3,2156,DDR5
3,2161,Windows 11 Home
3,2149,20 hours
3,2181,Variable RPM
3,2175,6.5 lb
3,2147,Intel Graphics
3,2144,Intel Core Ultra 7 255U
3,2165,3
3,2182,Intel Core Ultra 7
3,2145,SSD (NVMe)
3,2167,Built-In Microphone
3,2183,12
3,2184,5.2 GHz
3,2185,"1 Year Limited Warranty. To obtain a copy of the manufacturer's or supplier's warranty for this item prior to purchasing the item, please call Target Guest Services at 1-800-591-3869"
3,2146,64 GB
3,2186,Home
3,2187,Not Listed or Certified
3,2142,true
3,2188,New
3,2189,"USB-C, HDMI"
3,2140,17.3 inches
3,2190,13.5 inches (H) x 2.6 inches (W) x 20.5 inches (D)
3,2181,None
3,2186,"Built-In Bluetooth, Built-In Speaker, Built-In Webcam, Fingerprint Reader, Numeric Keypad, Touchpad"
3,2179,810215802661
4,2191,15.6 inches
4,2192,1920 x 1080
4,2193,true
4,2194,60 Hz
4,2195,AMD Ryzen 7 7000 Series
4,2196,1024 GB
4,2197,64 GB
4,2199,1 x HDMI
4,2200,Lithium-ion
4,2201,false
4,2202,HP
4,2203,"15.6"" Touchscreen Laptop - AMD Ryzen 7 7730U, 64GB RAM - 1TB SSD - Copilot & Numeric Keypad - PCO Laptop Cooler"
4,2204,Silver
4,2205,2025
4,2206,AMD
4,2196,1024 GB
4,2207,DDR4 SoDIMM
4,2208,3200 MHz
4,2209,2
4,2210,Integrated
4,2211,AMD Radeon
4,2212,Windows 11 Pro
4,2213,1
4,2214,0
4,2215,0
4,2216,2 x USB-A
4,2216,3
4,2217,true
4,2218,true
4,2219,Wi-Fi
4,2220,Wi-Fi 6
4,2220,Wi-Fi 6
4,2198,AMD Radeon Graphics
4,2195,AMD Ryzen 7 7730U
4,2221,0
4,2222,true
4,2223,12 in
4,2224,3 in
4,2225,20.5 in
4,2226,5 lb
4,2227,false
4,2228,1-year
4,2229,1 year
4,2230,810215806645
3,2231,16:9 Aspect Ratio
3,2212,Windows 11 Pro
3,2195,AMD Ryzen 7 7730U
3,2200,20 hours
3,2192,1920 x 1080
3,2226,5 lb
3,2232,Variable RPM
3,2233,12 inches (H) x 3 inches (W) x 20.5 inches (D)
3,2201,No Backlit Keyboard
3,2198,AMD Radeon Graphics
3,2234,8
3,2235,4.5 GHz
3,2207,DDR4
3,2216,3
3,2191,15.6 inches
3,2218,Built-In Microphone
3,2236,"1 Year Limited Warranty. To obtain a copy of the manufacturer's or supplier's warranty for this item prior to purchasing the item, please call Target Guest Services at 1-800-591-3869"
3,2197,64 GB
3,2237,Home
3,2238,USB-C
3,2239,Not Listed or Certified
3,2193,true
3,2240,New
3,2196,SSD (NVMe)
3,2232,None
3,2241,AMD Ryzen 7
3,2230,810215806645
4,2242,14 inches
4,2243,1366 x 768
4,2244,false
4,2245,250 nits
4,2246,Intel Celeron
4,2247,64 GB
4,2248,4 GB
4,2249,Intel UHD Graphics
4,2250,1 x HDMI 1.4
4,2251,2-cell
4,2252,false
4,2253,false
4,2254,HP
4,2255,14a-ne1013dx
4,2256,"14"" Chromebook - Intel Celeron N4500 2021 - 4GB Memory - 64GB eMMC"
4,2257,Modern Grey
4,2258,2025
4,2259,LED
4,2260,Anti-glare
4,2261,62.5 percent
4,2262,Intel
4,2263,2.8 GHz
4,2264,2
4,2265,L3
4,2265,4 megabytes
4,2247,64 GB
4,2246,Intel Celeron N4500
4,2266,LPDDR4X
4,2267,2933 MHz
4,2268,Integrated
4,2269,Intel
4,2270,ChromeOS
4,2271,Google Assistant
4,2272,1
4,2273,"1 x USB-C 3.1, 2 x USB-A 3.0"
4,2273,3
4,2274,true
4,2275,true
4,2276,"Bluetooth, Wi-Fi"
4,2277,Wi-Fi 6
4,2278,Air
4,2279,45 watts
4,2280,true
4,2281,720p
4,2275,true
4,2253,Multi-touch
4,2282,HD Audio
4,2282,Stereo
4,2283,Google Assistant
4,2284,0.72 in
4,2285,12.85 in
4,2286,8.94 in
4,2287,3.35 lb
4,2288,true
4,2289,true
4,2289,Silver
4,2290,None
4,2253,false
4,2291,1 year
4,2292,1 year
4,2293,198990262185
3,2259,TN
3,2251,8 hours
3,2294,16:9 Aspect Ratio
3,2244,false
3,2249,Intel UHD Graphics
3,2263,1.1 GHz
3,2290,None
3,2290,None
3,2248,4 GB
3,2264,2
3,2270,ChromeOS
3,2247,EMMC
3,2253,No Backlit Keyboard
3,2242,14 inches
3,2273,3
3,2275,Built-In Microphone
3,2287,3.35 lb
3,2295,"1 Year Limited Warranty. To obtain a copy of the manufacturer's or supplier's warranty for this item prior to purchasing the item, please call Target Guest Services at 1-800-591-3869"
3,2266,LPDDR4x
3,2296,Home
3,2246,Intel Celeron N4500
3,2297,.72 inches (H) x 12.85 inches (W) x 8.94 inches (D)
3,2298,USB-C
3,2299,New
3,2300,Energy Star Certified
3,2301,Intel Celeron
3,2243,1366 x 768
3,2293,198990262185
1,2246,"Intel Celeron N4500, 1.1 GHz, Up to 2.8 GHz"
1,2248,4 GB
1,2247,64 GB
1,2287,3.35 lb
1,2245,250 nits
1,2243,1366 x 768
1,2251,7.5 mAh
1,2302,14a-ne1013dx
1,2270,ChromeOS
1,2249,Intel UHD Graphics
1,2259,LCD
1,2297,12.85 x 8.94 x 0.72 inches
1,2273,4
1,2280,Yes
1,2293,198990262185
8,2246,Intel Celeron N4500
8,2248,4 GB
8,2247,64 GB
8,2243,1366 x 768
8,2270,ChromeOS
8,2249,Intel UHD Graphics
8,2276,Wi-Fi 6
8,2303,Bluetooth 5.3
8,2280,HP True Vision HD camera
8,2255,14a-ne1013dx-1K
8,2293,198990262185
4,2304,IPS
4,2305,15.6 inches
4,2306,1920 x 1080
4,2307,true
4,2308,300 nits
4,2309,Intel Pentium
4,2310,1.1 gigahertz
4,2311,128 GB
4,2312,8 GB
4,2313,Intel UHD Graphics
4,2314,"1 x HDMI 1.4, Display connection via USB port"
4,2315,3-cell
4,2316,false
4,2317,false
4,2318,Lenovo
4,2319,82N40045US
4,2320,"IdeaPad 3i Chromebook Laptop - 15.6"" Full HD Touch Screen - Pentium Silver N6000 2021 - 8GB Memory - 128GB eMMC"
4,2321,Arctic Grey
4,2322,2023
4,2304,LCD
4,2323,Anti-glare
4,2324,Intel
4,2322,2021
4,2325,3.3 GHz
4,2326,4
4,2327,4
4,2328,false
4,2311,128 GB
4,2329,LPDDR4X
4,2330,2933 MHz
4,2331,0
4,2332,Integrated
4,2333,Intel
4,2334,ChromeOS
4,2335,64-bit
4,2336,"Amazon Alexa, Google Home"
4,2337,1
4,2338,DisplayPort 1.4
4,2339,"2 x USB-A 3.2, 1 x USB-C 3.2"
4,2339,3
4,2309,Intel Pentium Silver N6000
4,2340,true
4,2341,true
4,2343,Wi-Fi 6
4,2343,Wi-Fi 6
4,2344,0
4,2342,None
4,2345,Air
4,2346,USB-C
4,2347,45 watts
4,2348,true
4,2349,720p
4,2341,true
4,2307,false
4,2350,false
4,2317,Multi-touch
4,2351,true
4,2351,microSD
4,2352,false
4,2353,Realtek ALC5682I
4,2353,2 x 2W
4,2354,Google Assistant
4,2355,Not Applicable
4,2356,"Privacy camera, Cable lock slot"
4,2356,Kensington Security Slot (K-Slot)
4,2317,None
4,2357,Plastic
4,2358,0.75 in
4,2359,9.57 in
4,2360,14.25 in
4,2361,3.586 lb
4,2362,true
4,2363,false
4,2364,None
4,2317,false
4,2317,false
4,2365,1 year limited
4,2366,1 year limited
4,2367,197531451583
2,2305,15.6 inches
2,2334,ChromeOS
2,2306,1920 x 1080
2,2309,Intel Pentium
2,2313,Intel UHD Graphics
2,2408,Touchscreen
2,2409,9.57 x 14.25 x 0.75 Inches
2,2325,1.1 GHz
2,2312,8 GB
2,2361,3.58 lb
2,2315,10 h
2,2309,82N40045US
2,2324,Intel
2,2307,true
2,2318,Lenovo
2,2311,128 GB
2,2326,4
2,2316,Chromebooks
4,2551,IPS
4,2552,16 inches
4,2553,1920 x 1200
4,2554,false
4,2555,60 Hz
4,2556,AMD Ryzen 7 7000 Series
4,2557,512 GB
4,2558,16 GB
4,2560,1 x HDMI
4,2561,Lithium-ion
4,2562,true
4,2563,Lenovo
4,2564,21M6S1F000
4,2565,"ThinkPad E16 Laptop 16.0 WUXGA Display (Ryzen 7 7735U, 16GB, 512GB  SSD, AMD Radeon 680M, Win 11 Pro) w/USB Hub"
4,2566,Black
4,2567,2025
4,2568,AMD
4,2556,7735U
4,2569,8
4,2557,512 GB
4,2570,DDR5
4,2571,Integrated
4,2572,AMD Radeon
4,2573,Not provided
4,2574,Windows 11 Pro
4,2575,64-bit
4,2576,true
4,2577,1.15 in
4,2578,10 in
4,2579,14 in
4,2580,4 lb
4,2581,true
4,2582,1 year
4,2583,1 year
4,2584,199393279053
1,2556,AMD Ryzen 7 7735U
1,2558,16 GB
1,2557,512 GB
1,2580,4 lb
1,2553,1920 x 1200
1,2561,47 Wh
1,2552,16 inches
1,2559,AMD Radeon 680M
1,2574,Windows 11 Pro
1,2585,65W PSU
1,2586,"14"" x 10"" x 1.15"""
1,2587,"WiFi 6E, Bluetooth 5.3, Ethernet (RJ-45)"
1,2588,"2 x USB 3.2 (Type-A), 2 x USB 3.2 (Type-C)"
1,2589,"Global Recycled Standard, ENERGY STAR, EPEAT Silver"
1,2590,Yes
1,2562,Yes
1,2576,Yes
1,2571,Shared
1,2564,E16
1,2584,199393279053
4,2713,Stereo
4,2675,UWVA
4,2676,16 inches
4,2677,1920 x 1200
4,2678,true
4,2679,300 nits
4,2680,Snapdragon X Plus
4,2681,1024 GB
4,2682,16 GB
4,2684,Display connection via USB port
4,2685,3-cell
4,2686,false
4,2687,HP
4,2688,16-fb0135dx
4,2689,"OmniBook 5 - Copilot+ PC - 16"" 2K OLED Touch-Screen Laptop - Snapdragon X Plus 2025 - 16GB Memory - 1TB SSD"
4,2690,Glacier Silver
4,2691,2025
4,2675,OLED
4,2692,Snapdragon
4,2680,X1P-42-100
4,2693,3.4 GHz
4,2694,8
4,2695,true
4,2695,45 trillions operations per second
4,2681,1024 GB
4,2696,SSD
4,2697,LPDDR5X
4,2698,8448 MHz
4,2699,Integrated
4,2700,Snapdragon
4,2701,Windows 11 Home
4,2702,0
4,2703,DisplayPort 1.4
4,2704,"2 x USB-C 3.1, 1 x USB-A 3.1"
4,2704,3
4,2705,true
4,2706,true
4,2707,"Bluetooth, Wi-Fi"
4,2708,Wi-Fi 6E
4,2709,65 watts
4,2710,true
4,2711,1080p
4,2706,true
4,2712,false
4,2713,HD Audio
4,2714,Copilot+ PC
4,2715,Privacy camera
4,2716,Aluminum
4,2717,0.52 in
4,2718,13.98 in
4,2719,9.65 in
4,2720,3.52 lb
4,2721,true
4,2722,true
4,2722,Gold
4,2723,"Click to Do (preview), Generative Fill, Recall (preview), Improved Windows search, HP AI Companion, myHP, Microsoft Copilot, AI Noise reduction, Otter.ai, and Copilot+ PC"
4,2696,None
4,2686,false
4,2724,1 year
4,2725,1 year
4,2726,199251661372
4,2767,IPS
4,2768,16 inches
4,2769,1920 x 1200
4,2770,true
4,2771,400 nits
4,2772,Intel Core Ultra 7 Series 2
4,2773,1024 GB
4,2774,16 GB
4,2776,"1 x HDMI 2.1, 1 x Thunderbolt 4"
4,2777,4-cell
4,2778,2in1_design
4,2779,true
4,2780,HP
4,2781,16-as0023dx
4,2782,"OmniBook X Flip 2-in-1 - Copilot+ PC - 16"" 2K Touch-Screen Laptop - Intel Core Ultra 7 256V '24  - 16GB Memory - 1TB SSD"
4,2783,Eclipse Gray
4,2784,2025
4,2767,LED
4,2785,62.5 percent
4,2786,Intel
4,2772,256V
4,2787,4.8 GHz
4,2788,8
4,2789,L3
4,2789,12 megabytes
4,2790,true
4,2790,47 trillions operations per second
4,2773,1024 GB
4,2791,SSD
4,2792,LPDDR5X
4,2793,8533 MHz
4,2794,Dedicated
4,2795,Intel
4,2796,8 gigabytes
4,2797,Windows 11 Home
4,2798,1
4,2799,1
4,2800,"1 x USB-C 3.1, 2 x USB-A 3.1"
4,2800,3
4,2801,true
4,2802,true
4,2803,"Bluetooth, Wi-Fi"
4,2804,Wi-Fi 6E
4,2805,0
4,2806,Air
4,2807,65 watts
4,2808,true
4,2809,5 megapixels
4,2802,true
4,2779,Multi-touch
4,2810,false
4,2811,DTS: X Ultra
4,2811,Poly Studio with dual speakers
4,2812,Copilot+ PC
4,2813,Privacy camera
4,2814,Aluminum
4,2815,0.61 in
4,2816,14.02 in
4,2817,9.67 in
4,2818,4.15 lb
4,2819,true
4,2820,true
4,2820,Gold
4,2791,None
4,2779,false
4,2821,1 year
4,2822,1 year
4,2823,198990145372
4,2865,IPS
4,2866,16 inches
4,2867,1920 x 1200
4,2868,true
4,2869,400 nits
4,2870,Intel Core Ultra 5 Series 2
4,2871,512 GB
4,2872,16 GB
4,2873,Intel Arc 130V
4,2874,"1 x HDMI 2.1, 1 x Thunderbolt 4"
4,2875,4-cell
4,2876,2in1_design
4,2877,true
4,2878,HP
4,2879,16-as0013dx
4,2880,"OmniBook X Flip 2-in-1 - Copilot+ PC - 16"" 2K Touch-Screen Laptop - Intel Core Ultra 5 226V - 16GB Memory - 512GB SSD"
4,2881,Eclipse Gray
4,2882,2025
4,2865,LED
4,2883,62.5 percent
4,2884,Intel
4,2870,226V
4,2885,4.5 GHz
4,2886,8
4,2887,L3
4,2887,8 megabytes
4,2888,true
4,2888,40 trillions operations per second
4,2871,512 GB
4,2889,SSD
4,2890,LPDDR5X
4,2891,8533 MHz
4,2892,Dedicated
4,2893,Intel
4,2894,8 gigabytes
4,2895,Windows 11 Home
4,2896,1
4,2897,1
4,2898,"1 x USB-C 3.1, 2 x USB-A 3.1"
4,2898,3
4,2899,true
4,2900,true
4,2901,"Bluetooth, Wi-Fi"
4,2902,Wi-Fi 6E
4,2903,0
4,2904,Air
4,2905,65 watts
4,2906,true
4,2907,5 megapixels
4,2900,true
4,2877,Multi-touch
4,2908,false
4,2909,DTS: X Ultra
4,2909,Poly Studio with dual speakers
4,2910,Copilot+ PC
4,2911,Privacy camera
4,2912,Aluminum
4,2913,0.61 in
4,2914,14.02 in
4,2915,9.67 in
4,2916,4.15 lb
4,2917,true
4,2918,true
4,2918,Gold
4,2889,None
4,2877,false
4,2919,1 year
4,2920,1 year
4,2921,198990145341
3,2875,15 hours
3,2877,Backlit Keyboard
3,2922,Thunderbolt 4
3,2895,Windows 11 Home
3,2923,16:10 Aspect Ratio
3,2866,16 inches
3,2889,None
3,2872,16 GB
3,2873,Intel Arc 130V Graphics
3,2924,.61 inches (H) x 14.02 inches (W) x 9.67 inches (D)
3,2886,8
3,2890,LPDDR5x
3,2871,SSD (NVMe)
3,2900,Built-In Microphone
3,2865,IPS
3,2898,4
1,2969,"2 x USB 3.2 (Type-A), 1 x USB 3.2 (Type-C), 1 x Thunderbolt 4, 1 x HDMI, 1 x Ethernet (RJ-45), Headphone/Microphone Combo Jack"
3,2925,"1 Year Limited Warranty. To obtain a copy of the manufacturer's or supplier's warranty for this item prior to purchasing the item, please call Target Guest Services at 1-800-591-3869"
3,2926,Home
3,2885,2.1 GHz
3,2867,1920 x 1200
3,2927,New
3,2928,Energy Star Certified
3,2868,true
3,2870,Intel Core Ultra 5 226V
3,2916,4.15 lb
3,2889,None
3,2929,Intel Core Ultra 5
3,2921,198990145341
4,2930,IPS
4,2931,14 inches
4,2932,1920 x 1200
4,2933,false
4,2934,60 Hz
4,2935,AMD Ryzen 7 2000 Series
4,2936,1024 GB
4,2937,32 GB
4,2938,AMD Radeon 780M
4,2939,1 x HDMI
4,2940,Lithium-ion
4,2941,true
4,2942,Lenovo
4,2943,21T1S1FC00
4,2944,"Lenovo ThinkPad E14 Laptop 14.0 WUXGA (AMD Ryzen 7 250, 32GB DDR5, 1TB PCIe SSD, Win 11 Pro) w/USB Hub"
4,2945,Eclipse Black
4,2946,2025
4,2947,AMD
4,2935,250
4,2948,8
4,2936,1024 GB
4,2949,DDR5
4,2950,Integrated
4,2951,AMD Radeon
4,2952,Not provided
4,2953,Windows 11 Pro
4,2954,64-bit
4,2955,true
4,2956,1 in
4,2957,8.9 in
4,2958,12.38 in
4,2959,3 lb
4,2960,true
4,2961,1 year
4,2962,1 year
4,2963,199393268040
1,2935,AMD Ryzen 7 250
1,2937,32 GB
1,2936,1024 GB
1,2959,3 lb
1,2932,1920 x 1200
1,2940,48 Wh
1,2931,14 inches
1,2938,AMD Radeon 780M
1,2964,3.3 GHz
1,2948,8
1,2965,16
1,2949,DDR5
1,2966,65W
1,2967,12.38 x 8.9 x 1 inches
1,2953,Windows 11 Pro
1,2968,"Wi-Fi 6E, Bluetooth 5.3, Ethernet (RJ-45)"
1,2970,Global Recycled Standard
1,2963,199393268040
4,3010,IPS
4,3011,15.6 inches
4,3012,1920 x 1080
4,3013,true
4,3014,300 nits
4,3015,AMD Ryzen 7 5000 Series
4,3016,2 gigahertz
4,3017,512 GB
4,3018,16 GB
4,3020,"1 x HDMI 1.4, Display connection via USB port"
4,3021,4156 milliampere hours
4,3022,false
4,3023,false
4,3024,Lenovo
4,3025,82XM00LMUS
4,3026,"IdeaPad Slim 3 15.6"" Full HD Touchscreen Laptop - AMD Ryzen 7 5825U 2025 - 16GB Memory - 512GB SSD"
4,3027,Arctic Grey
4,3028,2025
4,3010,LCD
4,3029,AMD
4,3015,5825U
4,3028,2025
4,3030,4.5 GHz
4,3031,8
4,3032,16
4,3033,false
4,3034,false
4,3017,512 GB
4,3035,DDR4
4,3036,3200 MHz
4,3037,0
4,3038,Integrated
4,3039,AMD Radeon
4,3040,Windows 11 Home
4,3041,1
4,3042,0
4,3042,0
4,3043,0
4,3044,DisplayPort 1.2
4,3045,"2 x USB-A 3.2, 1 x USB-C 3.2"
4,3045,3
4,3046,true
4,3047,true
4,3049,Wi-Fi 6
4,3049,Wi-Fi 6
4,3050,0
4,3051,65 Watt AC Adapter
4,3052,true
4,3053,720p
4,3047,true
4,3023,No
4,3054,true
4,3023,"Multi-touch, Precision"
4,3055,true
4,3055,Secure Digital
4,3056,false
4,3057,Dolby Audio
4,3057,2 x 1.5W
4,3058,Copilot
4,3059,Privacy camera
4,3059,None
4,3023,None
4,3060,Plastic
4,3061,0.7 in
4,3062,9.25 in
4,3063,14.15 in
4,3064,3.56 lb
4,3065,true
4,3066,true
4,3066,Silver
4,3067,None
4,3023,true
4,3023,false
4,3068,1 year
4,3069,1 year
4,3070,198155791086
1,3015,AMD Ryzen 7 5825U
1,3018,16 GB
1,3017,512 GB
1,3064,3.53 lb
1,3014,250 nits
1,3012,1920 x 1080
1,3021,45 Watt Hours
1,3011,15.6 inches
1,3040,Windows 11 Home
1,3019,Integrated
1,3071,Lithium Ion
1,3072,10 hours
1,3022,Clamshell
1,3010,IPS
1,3073,60 Hz
1,3048,"Bluetooth, Wi-Fi 6"
1,3045,3
1,3041,1
1,3028,2024
1,3025,5825U
1,3024,Lenovo
1,3070,198155791086
3,3021,10 hours
3,3074,16:9 Aspect Ratio
3,3040,Windows 11 Home
3,3067,None
3,3012,1920 x 1080
3,3018,16 GB
3,3023,No Backlit Keyboard
3,3019,AMD Radeon Graphics
3,3031,8
3,3035,DDR4
3,3045,3
3,3017,SSD (NVMe)
3,3011,15.6 inches
3,3047,Built-In Microphone
3,3010,IPS
3,3075,"1 Year Limited Warranty. To obtain a copy of the manufacturer's or supplier's warranty for this item prior to purchasing the item, please call Target Guest Services at 1-800-591-3869"
3,3076,Home
3,3064,3.57 lb
3,3030,2 GHz
3,3077,.7 inches (H) x 14.15 inches (W) x 9.25 inches (D)
3,3078,USB-C
3,3013,true
3,3079,New
3,3080,Energy Star Certified
3,3067,None
3,3015,AMD Ryzen 7 5825U
3,3081,AMD Ryzen 7
3,3070,198155791086
7,3015,AMD Ryzen 7 5825U (2.0GHz)
7,3018,16 GB
7,3017,512 GB
7,3064,3.57 lb
7,3012,1920 x 1080
7,3021,47 Wh
7,3082,Notebook PC
7,3083,IdeaPad
7,3025,82XM00LMUS
7,3027,Arctic Grey
7,3040,Windows 11 Home
7,3081,Ryzen 7
7,3030,Up to 4.5GHz
7,3031,Barcelo
7,3031,8
7,3032,16 Threads
7,3084,4MB
7,3084,16MB
7,3085,AMD Enhanced Virus Protection (NX bit)
7,3067,SSD
7,3067,
7,3011,15.6 inches
7,3010,Full HD
7,3052,Yes
7,3053,720p
7,3086,HD
7,3087,Yes
7,3013,true
7,3038,AMD Radeon
7,3088,Shared
7,3048,Wi-Fi 6
7,3089,Bluetooth 5.3
7,3078,3.5mm Combo x1
7,3045,"2 x USB 3.2 (Gen 1 Type-A), 1 x USB 3.2 (Gen 1 Type-C)"
7,3041,1
7,3051,65 Watt AC Adapter
7,3062,14.15 in
7,3063,9.25 in
7,3061,0.7 in
7,3077,2.79 x 19.21 x 11.79 in.
7,3080,Yes
7,3065,true
7,3080,EPEAT Silver
4,3090,15.6 inches
4,3091,1920 x 1080
4,3092,false
4,3093,220 nits
4,3094,Intel Celeron
4,3095,1.1 gigahertz
4,3096,64 GB
4,3097,4 GB
4,3098,Intel UHD Graphics
4,3099,"1 x HDMI 1.4, Display connection via USB port"
4,3100,4080 milliampere hours
4,3101,false
4,3102,false
4,3103,Lenovo
4,3104,82N4004NUS
4,3105,"IdeaPad 3i Chromebook 15.6"" Full HD Laptop - Intel Celeron 2021 - 4GB Memory with 64GB eMMC Storage"
4,3106,Arctic Grey
4,3107,2024
4,3108,LCD
4,3109,Anti-glare
4,3110,Intel
4,3107,2021
4,3111,2.8 GHz
4,3112,2
4,3113,2
4,3114,false
4,3096,64 GB
4,3115,LPDDR4X
4,3116,2933 MHz
4,3117,0
4,3118,Integrated
4,3119,Intel
4,3120,ChromeOS
4,3121,64-bit
4,3122,Google Home
4,3123,1
4,3124,DisplayPort 1.4
4,3125,"2 x USB-A 3.2, 1 x USB-C 3.2"
4,3125,3
4,3126,true
4,3127,true
4,3129,Wi-Fi 6
4,3129,Wi-Fi 6
4,3094,Intel Celeron N4500
4,3130,0
4,3128,None
4,3131,Air
4,3132,USB-C
4,3133,45 watts
4,3134,true
4,3135,720p
4,3127,true
4,3102,No
4,3136,true
4,3102,Multi-touch
4,3137,true
4,3137,microSD
4,3138,false
4,3139,Realtek ALC5682I
4,3139,2 x 2W
4,3140,Google Assistant
4,3141,Not Applicable
4,3142,"Privacy camera, Cable lock slot"
4,3142,Kensington Security Slot (K-Slot)
4,3102,None
4,3143,Plastic
4,3144,0.75 in
4,3145,9.57 in
4,3146,14.25 in
4,3147,3.586 lb
4,3148,true
4,3149,false
4,3150,None
4,3102,false
4,3102,false
4,3151,1 year limited
4,3152,1 year limited
4,3153,198153733804
2,3144,0.75 in
2,3154,Chrome OS
2,3092,false
2,3090,15.6 inches
2,3098,Integrated Graphics
2,3120,ChromeOS
2,3155,82N4004NUS
2,3156,Webcam
2,3094,Intel Celeron
2,3128,"Bluetooth, HDMI"
2,3096,64 GB
2,3157,Inputs - USB(3) & Outputs - HDMI
2,3097,4 GB
2,3112,2
2,3100,10 h
2,3110,Intel
2,3147,3.48 lb
2,3103,Lenovo
2,3107,2024
2,3111,1 GHz
2,3101,Chromebooks
2,3091,1920 x 1080
2,3116,2933 MHz
1,3094,Intel Celeron N4500
1,3097,4 GB
1,3096,64 GB
1,3147,3.48 lb
1,3093,220 nits
1,3091,1920 x 1080
1,3155,82N4004NUS
1,3090,15.6 inches
1,3120,ChromeOS
1,3098,Integrated
1,3157,"2x USB 3.2 Type-A, 1x USB Type-C, 1x HDMI, 1x microSD card reader, 1x Headphone Jack"
1,3134,720p camera with privacy shutter
1,3158,"Wi-Fi 6, 11ax 2x2 + BT5.2"
1,3159,14.3 x 9.6 x 0.7 inches
1,3153,198153733804
1,3160,60 Hz
1,3115,DDR4 SDRAM
3,3108,TN
3,3100,10 h
3,3161,16:9 Aspect Ratio
3,3092,false
3,3098,Intel UHD Graphics
3,3111,1.1 GHz
3,3150,None
3,3150,None
3,3097,4 GB
3,3112,2
3,3091,1920 x 1080
3,3120,ChromeOS
3,3159,.75 inches (H) x 9.57 inches (W) x 14.25 inches (D)
3,3096,EMMC
3,3102,No Backlit Keyboard
3,3125,3
3,3090,15.6 inches
3,3127,Built-In Microphone
3,3162,"1 Year Limited Warranty. To obtain a copy of the manufacturer's or supplier's warranty for this item prior to purchasing the item, please call Target Guest Services at 1-800-591-3869"
3,3115,LPDDR4x
3,3147,3.5 lb
3,3156,Home
3,3094,Intel Celeron N4500
3,3163,USB-C
3,3164,New
3,3165,Energy Star Certified
3,3166,Intel Celeron
3,3153,198153733804
8,3094,Intel Celeron N4500
8,3097,4 GB
8,3096,64 GB
8,3147,3.5 lb
8,3091,1920 x 1080
8,3106,Artic Grey
8,3120,ChromeOS
8,3098,Intel UHD Graphics
8,3116,DDR4 2933
8,3167,Lithium Polymer
8,3123,1 x HDMI
8,3163,1 x Headphone Jack
8,3134,720p HD
8,3104,82N4004NUS-5K
8,3153,198153733804
7,3094,Intel Celeron N4500 (1.1GHz)
7,3097,4 GB
7,3096,64 GB
7,3147,3.48 lb
7,3093,220 nits
7,3091,1920 x 1080
7,3100,47 Wh
7,3168,911578
7,3104,82N4004NUS
7,3153,198153733804
7,3120,ChromeOS
7,3166,Celeron
7,3111,Up to 2.8GHz
7,3112,Dual-Core
7,3113,2 Threads
7,3169,4MB
7,3115,LPDDR4x
7,3116,LPDDR4x-2933
7,3170,4GB
7,3096,64 GB
7,3090,15.6 inches
7,3108,Full HD Anti-glare LCD
7,3109,Matte
7,3134,Yes
7,3135,720p
7,3139,High Definition Audio
7,3139,2 x 2W Stereo Speakers
7,3127,Dual Array Microphone
7,3128,Wi-Fi 6
7,3158,Bluetooth 5.2
7,3125,"2 x USB 3.2 (Gen 1 Type-A), 1 x USB 3.2 (Gen 1 Type-C)"
7,3163,3.5mm Combo x1
7,3123,1
7,3133,45W USB-C Power Adapter
7,3145,14.3 in
7,3146,9.6 in
7,3144,0.7 in
7,3171,"RoHS Compliant, Energy Star Compliant"
7,3142,"Google Security Chip H1, Kensington Nano Security Slot"
7,3102,Numeric Keypad
7,3172,"Multi-Touch, Buttonless Mylar Surface Touchpad"
7,148,16 GB
7,147,512 GB
7,169,3.3 lb
7,228,500 nits
7,144,2880 x 1864
7,151,66.5 Wh
7,7417,Notebook Mac
7,7418,MacBook Air
7,154,MDVH4LL/A
7,156,Midnight
7,163,macOS
7,7419,M5
7,159,10
7,147,512 GB
7,229,
7,7420,IPS
7,165,Yes
7,7421,12.0 Megapixel
7,7422,1080p HD Video
7,145,false
7,161,Apple M5 Chip 10-core GPU
7,7423,Shared
7,7424,Six-Speaker Sound System with Force-Cancelling Woofers
7,7425,Three-Mic Array with Directional Beamforming
7,231,Wi-Fi 7
7,232,Bluetooth 6.0
7,230,MagSafe 3 x1
7,164,Thunderbolt 4 x2
7,7426,3.5mm Headphone x1
7,152,Backlit Keyboard
7,152,Magic Keyboard
7,7427,Force Touch Trackpad
7,234,40 W with Magsafe
7,7428,18 hours
7,170,true
7,167,13.40 in. (340.36 mm)
7,168,9.35 in. (237.49 mm)
7,166,0.45 in. (11.43 mm)
7,174,195950697087
4,901,15.6 inches
4,902,1366 x 768
4,903,false
4,904,250 nits
4,905,Intel Processor N200
4,906,1.1 gigahertz
4,958,eMMC
4,907,64 GB
4,908,8 GB
4,909,Intel UHD Graphics
4,910,No external display connection
4,8454,11.5 hours
4,8455,Lithium-ion polymer
4,912,false
4,913,false
4,914,HP
4,916,"15.6"" Chromebook Laptop - Intel Processor N200 2023 - 8GB Memory - 64GB eMMC"
4,917,Natural Silver
4,918,2023
4,919,LED
4,920,45 percent
4,921,Intel
4,905,N200
4,922,3.7 GHz
4,923,4
4,924,false
4,925,L3
4,925,6 megabytes
4,926,false
4,907,64 GB
4,927,LPDDR5
4,928,4800 MHz
4,929,2
4,930,Integrated
4,931,Intel
4,932,ChromeOS
4,933,Google Assistant
4,934,Google Home
4,935,0
4,936,0
4,936,0
4,937,0
4,938,"1 x USB-A 3.1, 2 x USB-C 3.1"
4,938,3
4,939,true
4,940,true
4,941,"Bluetooth, Wi-Fi"
4,942,Wi-Fi 6
4,943,0
4,941,None
4,944,45 watts
4,8456,2
4,945,true
4,946,720p
4,940,true
4,947,false
4,948,true
4,949,HD Audio with stereo speakers
4,950,Google Assistant
4,951,Privacy camera
4,952,0.78 in
4,953,14.28 in
4,954,9.51 in
4,955,3.81 lb
4,956,true
4,957,true
4,957,Gold
4,958,None
4,913,true
4,959,1 year
4,960,1 year
4,441,IPS
4,442,15.3 inches
4,443,1920 x 1200
4,444,true
4,445,60 Hz
4,446,300 nits
4,448,3 gigahertz
4,496,SSD
4,449,256 GB
4,450,16 GB
4,452,1 x HDMI 1.4
4,8457,Lithium-polymer
4,455,true
4,456,Lenovo
4,458,"IdeaPad Slim 3x - Copilot+ PC - 15.3"" 2k Touchscreen Laptop - Snapdragon X 2025 - 16GB Memory - 256GB SSD"
4,459,Luna Grey
4,441,LCD
4,461,45 percent
4,462,Snapdragon
4,463,8
4,464,8
4,465,true
4,465,45 trillions operations per second
4,449,256 GB
4,466,LPDDR5X
4,468,Integrated
4,469,Snapdragon
4,470,Windows 11 Home
4,471,1
4,472,"2 x USB-A 3.2, 1 x USB-C 3.2"
4,472,3
4,473,true
4,474,true
4,475,"Bluetooth, Wi-Fi"
4,476,Wi-Fi 7
4,477,0
4,478,65 watts
4,8458,3-cell
4,453,5306 milliampere hours
4,479,2
4,480,true
4,481,720p
4,474,true
4,482,true
4,455,"Multi-touch, Precision"
4,483,true
4,483,Secure Digital
4,485,Dolby Audio
4,485,2 x 2W
4,487,Copilot+ PC
4,488,"Fingerprint reader, Privacy camera"
4,489,"Aluminum, PC-ABS"
4,490,0.7 in
4,491,9.51 in
4,492,13.52 in
4,493,3.42 lb
4,494,true
4,495,true
4,495,Gold
4,496,None
4,455,true
4,497,1 year
4,498,1 year
4,1752,WVA
4,1754,1920 x 1080
4,1755,true
4,1756,60 Hz
4,1757,220 nits
4,1758,Intel 13th Generation Core i5
4,1759,1.3 gigahertz
4,1781,SSD
4,1760,512 GB
4,1761,8 GB
4,1762,Intel UHD Graphics
4,1763,1 x HDMI 1.4
4,8459,Lithium-ion polymer
4,1765,false
4,1766,false
4,1767,Dell
4,1769,"15.6"" 2K Touchscreen Laptop - Intel 13th Generation Core i5 1334U 2023 - 8GB Memory - 512 GB Storage"
4,1770,Carbon Black
4,1752,LCD
4,1766,Passive
4,1772,Not Applicable
4,1773,Anti-glare
4,1774,45 percent
4,1775,Intel
4,1771,2023
4,1776,3.4 GHz
4,1777,10
4,1778,12
4,1779,L1
4,1779,12 megabytes
4,1780,false
4,1760,512 GB
4,1781,SSD
4,1782,DDR4
4,1783,2666 MHz
4,1784,2
4,1784,1
4,1785,16 gigabytes
4,1786,Integrated
4,1787,Intel
4,1788,Windows 11 Home
4,1789,64-bit
4,1790,1
4,1791,"1 x USB-A 2.0, 1 x USB-A 3.2, 1 x USB-C 3.2"
4,1791,3
4,1792,true
4,1793,false
4,1794,"Bluetooth, Wi-Fi"
4,1795,Wi-Fi 6
4,1795,Wi-Fi 6
4,1796,0
4,1794,None
4,1797,Air
4,1798,DC jack (4.5mm)
4,1799,65 watts
4,8460,3-cell
4,8461,41 milliampere hours
4,1800,true
4,1801,0.92 megapixels
4,1802,720p
4,1793,true
4,1766,No
4,1755,false
4,1803,false
4,1766,Precision
4,1804,true
4,1804,Secure Digital
4,1805,MaxxAudio Pro (Windows)
4,1805,Stereo Speakers (Windows)
4,1806,Copilot
4,1807,None
4,1808,0.69 in
4,1809,9.25 in
4,1810,14.11 in
4,1811,4.28 lb
4,1812,true
4,1813,true
4,1813,Silver
4,1814,"McAfee+ Premium 30-day trial, Microsoft 365 30-day trial"
4,1781,None
4,1766,true
4,1766,false
4,1815,1 Year Mail In Service
4,1816,1 Year Mail In Service
7,600,8
40,9140,AppleCare+ Available
40,153,Apple
40,9141,Bluetooth
40,9141,Backlit Keyboard
40,9141,Integrated Webcam
40,9141,Fingerprint Reader
40,9141,Lightweight
40,9141,MagSafe
40,149,Integrated Graphics
40,7426,1x Headphone Jack
40,164,2
40,163,macOS
40,229,None
40,143,15.3 inches
40,229,SSD
2,148,16 GB
2,230,Wireless
2,143,15 inches
2,165,Front Camera/Webcam Resolution:12 Megapixel
2,152,English (US)
2,230,Outputs - HDMI
2,9142,1 GHz
2,9143,"Power Adapter, Charging Cable"
2,153,Apple
2,158,Apple
2,169,5 lb
2,9144,MacBooks
2,235,13.40 x 9.35 x 0.45 Inches
2,145,false
2,9145,Aluminum
2,9141,Business
2,9146,16 GB
2,9141,"Backlit Keyboard, Webcam, Touch ID"
2,163,macOS
2,230,2
2,7428,18 hours
2,147,512 GB
2,9147,12
2,231,"Bluetooth, Wi-Fi"
2,149,Integrated Graphics
2,7420,Retina Display
2,147,512 GB
2,156,Midnight
2,144,2880 x 1864
2,9148,MacBook Air
2,146,10
2,147,512 GB
2,182,16 GB
2,178,true
2,221,3.52 lb
2,180,Core i7-1355U
2,182,16 GB
2,203,Windows 11 Home
2,186,"Business, Netbooks"
2,195,1.7 GHz
2,9149,"Touchscreen, Backlit Keyboard, HD Audio"
2,224,Windows 11
2,182,16 GB
2,177,1920 x 1080
2,177,Full HD
2,194,Intel
2,176,15.6 inches
2,188,HP
2,181,512 GB
2,177,1920 x 1080
2,177,Full HD
2,9150,Plastic
2,181,512 GB
2,188,HP
2,191,Natural Silver
2,196,10
2,183,Intel Iris Xe Graphics
2,191,Silver
2,181,512 GB
8,456,Lenovo
8,9318,IdeaPad
8,457,83N30000US
8,459,Luna Grey
8,487,Copilot+ PC
8,470,Windows 11 Home
8,447,Snapdragon
8,465,Yes
8,441,WUXGA
8,443,1920 x 1200
8,441,IPS
8,445,60 Hz
8,449,256 GB
8,450,16 GB
8,467,LPDDR5X - 8448
8,476,Wi-Fi 7
8,455,Backlit
8,9319,720p HD
8,9320,Mainstream
8,505,Consumer
8,9321,Yes
8,503,"13.52"" x 9.51"" x 0.7"""
8,493,3.42 lb
8,451,Qualcomm Adreno Graphics
7,599,AMD Ryzen 7 7730U (2.0GHz)
7,599,AMD Ryzen 7 7730U (2.0GHz)
7,584,16 GB
7,584,16 GB
7,584,16 GB
7,583,1024 GB
7,583,1024 GB
7,583,1024 GB
7,585,AMD Radeon Graphics
7,599,AMD Ryzen 7 7730U (2.0GHz)
7,599,AMD Ryzen 7 7730U (2.0GHz)
7,584,16 GB
7,584,16 GB
7,584,16 GB
7,585,AMD Radeon Integrated Graphics
7,583,1024 GB
7,583,1024 GB
7,583,1024 GB
7,577,15.6-inch FHD (1920 x 1080) Anti-Glare LED Backlight Touch Narrow Border WVA Display
7,617,"WiFi 6 (802.11ax), Bluetooth 5.1"
7,635,4.19 lb
7,611,Windows 11 Home
7,599,AMD Ryzen 7 7730U (2.0GHz)
7,599,AMD Ryzen 7 7730U (2.0GHz)
7,584,16 GB
7,611,Windows 11 Home
7,577,15.6-inch FHD (1920 x 1080) Anti-Glare LED Backlight Touch Narrow Border WVA Display
7,617,Wi-Fi 6
7,9394,Bluetooth 5.1
7,624,Built-in HD camera
7,589,Enlarged ergonomic keyboard with separate numeric keypad
7,9395,"Height: 0.67 in. - 0.75 in. (16.96 mm – 18.99 mm), Depth: 9.27 in. (235.56 mm), Width: 14.11 in. (358.50 mm)"
7,9396,"SD card reader, USB 2.0, Universal Audio jack, Power jack, HDMI 1.4, USB 3.2 Gen 1 Type-A, USB 3.2 Gen 1 Type-C™ (data only)"
7,9397,Notebook PC
7,9398,Laptops
7,598,AMD
7,581,AMD Ryzen 7000 Series Processor
7,9399,Ryzen 7
7,599,2 GHz
7,599,4.5 GHz
7,600,Barcelo R
7,9400,8 @ 2000 MHz
7,601,16
7,602,4 megabytes
7,602,16 megabytes
7,9401,AMD Enhanced Virus Protection (NX bit)
7,584,16 GB
7,584,16 GB
7,604,SSD
7,583,1024 GB
7,604,
7,576,15.6 inches
7,575,IPS
7,596,Matte
7,577,1920 x 1080
7,624,Yes
7,626,720p
7,9402,HD
7,578,false
7,609,AMD Radeon
7,9403,Shared
7,629,High Definition Audio
7,629,Two Speakers
7,616,Yes
7,617,WiFi Only
7,617,Wi-Fi 6
7,617,"802.11b, 802.11g, 802.11a, WiFi 5 (802.11ac), WiFi 4 (802.11n), WiFi 6 (802.11ax)"
7,9404,Accelerometer
7,614,1 x USB 2.0 (Type-A)
7,614,1
7,9405,3.5mm Combo x1
7,613,1
7,589,Numeric Keypad
7,589,Standard
7,9406,Touchpad
7,622,65 watts
7,633,14.11 in
7,634,9.27 in
7,632,0.75 in
7,9407,Parts: 1 Year Limited
7,9407,Labor: 1 Year Limited
8,914,HP
8,915,7J267UA-N
8,917,Natural Silver
8,905,Intel Processor N200
8,907,64 GB
8,958,None
8,969,1 x headphone/microphone combo
8,949,Dual speakers
8,913,Multi Touch
8,913,"Full-size, natural silver keyboard with numeric keypad"
8,911,47 Wh
8,9594,Chromebook
8,955,3.81 lb
7,1073,AMD Ryzen 5 7520U 2.8GHz
7,1076,8 GB
7,1075,256 GB
7,1073,AMD Radeon 610M
7,1073,AMD Ryzen 5 7520U 2.8GHz
7,1076,8 GB
7,1073,AMD Radeon 610M
7,1075,256 GB
7,1087,"15.6"" Full HD Anti-Glare"
7,1123,3.48 lbs. (1.58 kg)
7,1101,Windows 11 Home
7,1114,SD Memory Card Reader
7,9729,5.2
7,9730,Notebook PC
7,9731,IdeaPad
7,1085,Abyss Blue
7,1089,AMD
7,1073,AMD Ryzen 7000 Series Processor
7,1140,Ryzen 5
7,1090,2.8 GHz
7,1090,4.3 GHz
7,1091,Mendocino
7,1091,Quad-Core
7,9732,2 @ 1900 MHz
7,1092,8
7,1094,2 megabytes
7,1108,"Bluetooth, Wi-Fi 6"
7,1094,4 megabytes
7,1076,8 GB
7,1096,LPDDR5
7,1097,LPDDR5-5500
7,9733,8GB
7,1127,SSD
7,1075,256 GB
7,1127,256
7,1087,Full HD Anti-glare
7,1088,Matte
7,1070,1920 x 1080
7,1112,Yes
7,1113,720p
7,9734,HD
7,9735,No
7,1072,220 nits
7,1099,AMD Radeon 610M
7,9736,Shared
7,1116,DOLBY Audio
7,1116,2 x 1.5 W Stereo Speakers
7,1108,WiFi Only
7,1108,Wi-Fi 6
7,1108,"802.11b, 802.11g, 802.11a, WiFi 5 (802.11ac), WiFi 4 (802.11n), WiFi 6 (802.11ax)"
7,9729,Bluetooth 5.2
7,1137,3.5mm Combo x1
7,1105,1 x USB 2.0 (Type-A)
7,1105,1
7,1102,1
7,1081,English
7,9737,Buttonless Mylar Surface Touchpad
7,1111,65 watts
7,1079,42 Wh
7,1124,true
7,1121,14.18 in
7,1122,9.29 in
7,1120,0.7 in
2,1151,64 GB
2,1145,1920 x 1080
2,1146,true
2,9838,82XJ0000US
2,1192,720P
2,1205,2.87 lb
2,1152,4 GB
2,1186,IEEE 802.11ax
2,1166,2
2,1149,ARM Cortex A76
2,1156,Chromebooks
2,1158,Lenovo
2,9839,Chrome OS
2,1153,Integrated Graphics
2,1149,2.05 GHz
2,1144,14 inches
2,9840,4 GB
2,9841,Inputs - USB(2)
2,1173,ChromeOS
8,1767,DELL
8,1770,Black
8,1758,Intel Core i5
8,1752,FHD
8,1756,60 Hz
8,1760,512 GB
8,1761,8 GB
8,9890,1 x HDMI
8,1790,1 x HDMI 1.4
8,1766,Non-backlit
8,8459,Lithium Polymer
2,1906,HP True Vision FHD camera
2,1865,IPS
2,1868,true
2,1872,8 GB
2,1871,256 GB
2,1865,Solid State
2,1872,8 GB
2,9950,Chromebook Plus x360 14 inch
2,1871,256 GB
2,1886,8
2,9951,Home Office
2,1885,3.8 GHz
2,1882,2023
2,1871,256 GB
2,9952,ChromeOS
2,9951,Touchscreen
2,1884,Intel
2,1866,14 inches
2,1872,8 GB
2,1878,HP
2,1876,"2-in-1s, Chromebooks, Business, PC Laptops"
2,1916,3.2 lb
2,1867,Full HD
2,1913,0.72 in
2,1902,"Bluetooth, Wi-Fi"
2,9953,10 hours
2,9954,Metal
2,1881,Silver
2,1870,Intel Core i3
2,1881,Silver
2,1873,Intel UHD Graphics
8,2687,HP
8,2688,BV9U6UA-R
8,2690,Silver
8,2701,Windows 11 Home
8,10409,Qualcomm Snapdragon
8,2680,Snapdragon X Plus X1P-42-100
8,10410,Shared system memory
8,2681,1024 GB
8,2698,LPDDR5X 8448
8,2696,None
8,2704,"1 x USB Type-A 10Gbps signaling rate 2 x USB Type-C 10Gbps signaling rate (USB Power Delivery 3.0, DisplayPort 1.4a, HP Sleep and Charge)"
8,10411,1 x headphone/microphone combo
8,2713,Dual speakers
8,2686,Multi Touch
8,2686,"Full-size, soft gray keyboard"
8,10412,Mainstream
8,2685,59 Wh
8,2720,3.52 lb
3,10433,16:10 Aspect Ratio
3,2791,SSD
3,2774,16 GB
3,2772,Intel Arc 140V Graphics (8GB)
3,2767,IPS
3,2791,None
3,2792,LPDDR5x
3,2772,Intel Core Ultra 7
3,10434,.71 inches (H) x 14.02 inches (W) x 9.67 inches (D)
3,2768,16 inches
3,10435,18 hours
3,2769,1920 x 1200
3,2788,8
3,10436,"1 Non-Universal Lithium Ion, Required, Installed"
3,2800,4
3,10437,Thunderbolt 4
3,2770,true
3,2797,Windows 11 Home
3,10438,New
3,10439,Energy Star Certified
3,2779,Backlit Keyboard
3,2818,4.15 lb
3,2802,Built-In Microphone
8,10440,HP OmniBook X Flip
3,2773,1024 GB
4,10500,Bluetooth
4,10500,Wi-Fi
4,10501,Bluetooth
4,10501,Wi-Fi
9,10500,Wi-Fi
7,10500,Wi-Fi
9,10501,Wi-Fi
7,10501,Wi-Fi
4,10503,Bluetooth
4,10503,Wi-Fi
9,10504,Wi-Fi
1,10503,Bluetooth
1,10503,Wi-Fi
4,10505,Bluetooth
4,10505,Wi-Fi
3,10505,Wi-Fi
4,10506,Bluetooth
4,10506,Wi-Fi
3,10506,Wi-Fi
1,10506,Bluetooth
1,10506,Wi-Fi
4,10507,Bluetooth
4,10507,Wi-Fi
3,10507,Wi-Fi
1,10507,Bluetooth
1,10507,HDMI
1,10507,USB
1,10507,Wi-Fi
4,10508,Bluetooth
4,10508,Wi-Fi
3,10508,Wi-Fi
4,10510,Bluetooth
4,10510,Wi-Fi
4,10511,Bluetooth
4,10511,Wi-Fi
1,10511,Bluetooth
1,10511,Wi-Fi
3,10511,Wi-Fi
4,10513,Bluetooth
4,10513,Wi-Fi
4,10514,Bluetooth
4,10514,Wi-Fi
3,10514,Wi-Fi
4,10515,Bluetooth
4,10515,Wi-Fi
4,10516,Bluetooth
4,10516,Wi-Fi
3,10515,Wi-Fi
1,10516,Bluetooth
1,10516,Wi-Fi
4,10521,Wi-Fi
3,10521,Wi-Fi
4,10525,Bluetooth
4,10525,Wi-Fi
3,10525,Wi-Fi
4,10527,Bluetooth
4,10527,Wi-Fi
4,10529,Wi-Fi
3,10529,Wi-Fi
4,10531,Wi-Fi
3,10531,Wi-Fi
4,10532,Wi-Fi
3,10532,Wi-Fi
4,10533,Wi-Fi
3,10533,Wi-Fi
4,10534,Bluetooth
4,10534,Wi-Fi
3,10534,Wi-Fi
1,10534,Bluetooth
1,10534,HDMI
1,10534,USB
1,10534,Wi-Fi
8,10534,Wi-Fi
4,10535,Bluetooth
4,10535,Wi-Fi
2,10535,Bluetooth
2,10535,Wi-Fi
1,10540,Bluetooth
1,10540,Ethernet
1,10540,Wi-Fi
4,10543,Bluetooth
4,10543,Wi-Fi
4,10545,Bluetooth
4,10545,Wi-Fi
4,10547,Bluetooth
4,10547,Wi-Fi
3,10547,Wi-Fi
1,10548,Bluetooth
1,10548,Ethernet
1,10548,Wi-Fi
4,10550,Bluetooth
4,10550,Wi-Fi
1,10550,Bluetooth
1,10550,Wi-Fi
3,10550,Wi-Fi
7,10550,Wi-Fi
4,10551,Bluetooth
4,10551,Wi-Fi
2,10551,Bluetooth
2,10551,HDMI
3,10551,Wi-Fi
7,10551,Wi-Fi
7,10504,Wi-Fi
2,10504,Bluetooth
2,10504,Wi-Fi
2,10503,Bluetooth
2,10503,Wi-Fi
7,10510,Bluetooth
7,10510,Wi-Fi
7,10514,Bluetooth
7,10514,Wi-Fi
2,10527,Bluetooth
2,10527,Wi-Fi
3,10545,Wi-Fi
3,2901,Wi-Fi 6E
3,2803,Wi-Fi 6E
3,475,Wi-Fi 7
3,2026,Wi-Fi 7
4,25,"Bluetooth, Wi-Fi"
4,60,"Bluetooth, Wi-Fi"
4,1047,"Bluetooth, Wi-Fi"
4,1186,"Bluetooth, Wi-Fi"
4,1249,"Bluetooth, Wi-Fi"
4,2342,"Bluetooth, Wi-Fi"
2,2342,"Bluetooth, Wi-Fi"
4,3048,"Bluetooth, Wi-Fi"
4,3128,"Bluetooth, Wi-Fi"
2,208,"Bluetooth, Wi-Fi"
3,281,Wi-Fi 6
3,344,Wi-Fi 6
3,409,Wi-Fi 6
1,409,Wi-Fi 6
3,941,Wi-Fi 6
3,1108,Wi-Fi 6
3,1186,Wi-Fi 6
3,1549,Wi-Fi 6
3,1794,Wi-Fi 6
3,2117,Wi-Fi 6
3,2168,Wi-Fi 6
3,2219,Wi-Fi 6
3,2276,Wi-Fi 6
3,3048,Wi-Fi 6
3,3128,Wi-Fi 6
8,2707,Wi-Fi 6
1,2276,"Bluetooth, Wi-Fi"
8,475,Wi-Fi 7
4,149,Apple M5 10-core GPU
9,149,Apple M5 10-core GPU
4,2004,Intel Arc Graphics 140V
4,2775,Intel Arc Graphics 140V
4,451,Qualcomm Adreno Graphics
4,1020,Qualcomm Adreno Graphics
4,2683,Qualcomm Adreno Graphics
4,451,Qualcomm Adreno Graphics
4,42,Apple A18 Pro 5-core GPU
9,7,Apple A18 Pro 5-core GPU
9,42,Apple A18 Pro 5-core GPU
4,585,AMD Radeon Graphics
4,2559,AMD Radeon Graphics
4,3019,AMD Radeon Graphics
7,581,AMD Ryzen 7 7730U
7,581,AMD Ryzen 7 7730U
7,581,AMD Ryzen 7 7730U
4,180,Intel Core i7-1355U
4,1758,Intel Core i5-1334U
4,1758,Intel Core i5-1334U
4,146,Apple M5 chip
7,146,Apple M5 chip
40,146,Apple M5 chip
4,583,1024 GB
3,451,Qualcomm Adreno Graphics
